"Title","Faucet (Item)","PRO Faucet (Item) (Item)","Description","Logo","Difficulty","ID","Created Date","Updated Date","Owner","Rewards","Frequency","TIP","Requirements","Network","Claim Type","Earnings","Platform","Star Rate","Full description","IMG Articolo","What is it","How it works","When to use it","Ref Link","Link video","Created","titolovideo","Manual sort","Link-pro-faucet-title_fld","ordine","Publish Date","Unpublish Date","Status"
"Cointiply","/faucet/cointiply","/pro-faucet/cointiply","<p class=""font_8"">Earn BTC through surveys, videos, games and faucet</p>","wix:image://v1/b69407_cc2c93cce2b94b368aae658aafd476be~mv2.webp/cointiply%20cryptodroply.webp#originWidth=480&originHeight=480","🌱Started","1",2026-03-05T19:12:36Z,2026-04-28T09:52:48Z,"b6940792-8897-44e1-9353-172086fbb219","BTC","hourly","daily task
app task","Email","Bitcoin","Task","medium","pc, android","wix:image://v1/b69407_fa1ab0bc0e9443108c1751a21c7fc3bc~mv2.png/3.png#originWidth=500&originHeight=500","Cointiply is one of the oldest multi-method BTC earning platforms, active since 2018 and having paid out over $12 million to its users. Beyond the classic faucet claim, it offers paid surveys, video watching, offerwalls and a loyalty system that rewards daily consistency.","wix:image://v1/b69407_82e3c87448634ca1b3bb7c561daf231e~mv2.png/cointiply%20faucet%20task%20cryptodroply.webp.png#originWidth=862&originHeight=777","<p class=""font_8"">Cointiply is the loyalty card of the crypto faucet world, instead of collecting points for coffee, you collect satoshis. Log in every day, complete tasks, and your loyalty bonus compounds like interest. Miss a day and the counter resets. Treat it like a daily habit, not a one-off visit.</p>
<p class=""font_8"">What sets it apart from basic faucets is the ecosystem: surveys, videos, games and offerwalls all feed into the same balance. It's a faucet that doesn't bore you after five minutes.</p>","<ol class=""font_8"">
  <li><p class=""font_8"">Register with an email, no KYC required.</p></li>
  <li><p class=""font_8"">Claim the faucet every hour for a base BTC amount.</p></li>
  <li><p class=""font_8"">Complete surveys, watch videos and use offerwalls for significantly larger rewards.</p></li>
  <li><p class=""font_8"">Log in every single day to grow your loyalty bonus, up to 100% extra on all earnings.</p></li>
  <li><p class=""font_8"">Withdraw via FaucetPay (micro-withdrawals) or directly to your Bitcoin wallet once you hit the minimum threshold.</p></li>
</ol>","<ul class=""font_8"">
  <li><p class=""font_8"">As your primary faucet if you can build a consistent daily habit.</p></li>
  <li><p class=""font_8"">When you want to earn BTC passively while browsing, leave a video running in the background.</p></li>
  <li><p class=""font_8"">If you're new to crypto faucets and want a full ecosystem in one place.</p></li>
</ul>
<p class=""font_8"">Cointiply rewards patience. It's not about one big claim, it's about compounding small daily gains over months.</p>","https://cointiply.com/r/v2AgP0","https://www.youtube.com/watch?v=dFXbUAUe4zw","<p class=""font_8"">Video created by <a href=""https://www.youtube.com/@stuffetystuff""><u>The Stuff</u></a></p>","Best FREE Crypto Earning Platform in 2026? Cointiply Review + Tutorial","3",,2,2026-03-05T19:12:36Z,,"PUBLISHED"
"Fire Faucet","/faucet/fire-faucet","/pro-faucet/fire-faucet","<p class=""font_8"">Auto-claim faucet for 20+ coins powered by an Energy system</p>","wix:image://v1/b69407_f29f5f2e208a42e8b3288eb32114ae6b~mv2.png/firefaucet%20cryptodroply.png#originWidth=256&originHeight=256","💡Medium","2",2026-03-05T19:12:36Z,2026-04-28T09:52:50Z,"b6940792-8897-44e1-9353-172086fbb219","Multi","instant","auto-claim
daily claim","Email","Multi","Classic","medium","pc","wix:image://v1/b69407_fa1ab0bc0e9443108c1751a21c7fc3bc~mv2.png/3.png#originWidth=500&originHeight=500","Fire Faucet is an auto-claim platform supporting over 20 cryptocurrencies. It uses an Energy mechanic: your Energy pool depletes as claims are made and regenerates over time. The more Energy capacity you upgrade, the more the system claims automatically while you're away.","wix:image://v1/b69407_1c791f877fa64a6687c2c1ae66219fc8~mv2.png/firefaucet%20faucet%20task%20cryptodroply.webp.png#originWidth=665&originHeight=822","<p class=""font_8"">Fire Faucet is a solar panel for micro-crypto: you install it once, and it generates satoshis while you sleep. The Energy system is the battery — the larger the battery, the more it stores and releases automatically without you touching anything.</p>
<p class=""font_8"">Unlike faucets that require manual hourly clicks, Fire Faucet runs on autopilot. You check in, collect what accumulated, reinvest in upgrades, and leave again.</p>","<ol class=""font_8"">
  <li><p class=""font_8"">Register with email and select your preferred cryptocurrency (BTC, ETH, LTC, DOGE and more).</p></li>
  <li><p class=""font_8"">Your Energy pool auto-claims on your behalf as long as it has charge.</p></li>
  <li><p class=""font_8"">Energy regenerates over time — log in periodically to collect and reinvest.</p></li>
  <li><p class=""font_8"">Upgrade your Energy capacity to increase automatic claim volume.</p></li>
  <li><p class=""font_8"">Withdraw via FaucetPay or directly to your wallet once the minimum is reached.</p></li>
</ol>","<ul class=""font_8"">
  <li><p class=""font_8"">When you want passive micro-earning with minimal daily interaction.</p></li>
  <li><p class=""font_8"">As a background earner running alongside your main online activity.</p></li>
  <li><p class=""font_8"">If you want to accumulate multiple altcoins simultaneously without managing multiple platforms.</p></li>
</ul>","https://firefaucet.win/ref/1549603","https://www.youtube.com/watch?v=QmRgr4AvpKc","<p class=""font_8"">Video created by <u>Free Crypto Bro</u></p>","FireFaucet Review","3g",,4,2026-03-05T19:12:36Z,,"PUBLISHED"
"Final Autoclaim","/faucet/final-autoclaim","/pro-faucet/final-autoclaim","<p class=""font_8"">Multi-coin faucet platform with 30+ cryptocurrencies</p>","wix:image://v1/b69407_829a625160ea49efb1195dd64ead2f1a~mv2.jpg/Final%20Autoclaim%20cryptodroply.jpg#originWidth=400&originHeight=400","💡Medium","4",2026-03-05T19:12:36Z,2026-04-28T09:52:52Z,"b6940792-8897-44e1-9353-172086fbb219","Multi","instant","30+ coins
grow level","Email","Multi","Game","medium","pc","wix:image://v1/b69407_fa1ab0bc0e9443108c1751a21c7fc3bc~mv2.png/3.png#originWidth=500&originHeight=500","DutchyCorp is a multi-coin faucet platform supporting over 30 cryptocurrencies with a gamification layer built on top. Users level up by completing tasks, claiming faucets and playing games — each level unlocks better rates and more earning options.","wix:image://v1/b69407_3daebf5eebcf4298b2e050632532bc62~mv2.png/final%20autoclaim%20faucet%20%20cryptodroply.png#originWidth=736&originHeight=710","<p class=""font_8"">DutchyCorp is the RPG of the faucet world: instead of just clicking a button every hour, you build a character. Your level determines how much you earn on every claim. The higher your level, the better your rates across all 30+ coins simultaneously.</p>
<p class=""font_8"">It's designed for people who get bored of passive clicking — the leveling system gives you a progression loop to work toward, and the coin variety means you can diversify your micro-holdings across dozens of assets with zero extra effort.</p>","<ol class=""font_8"">
  <li><p class=""font_8"">Create an account and choose from 30+ supported cryptocurrencies.</p></li>
  <li><p class=""font_8"">Claim hourly faucets, play games and complete tasks to earn coins and XP.</p></li>
  <li><p class=""font_8"">XP accumulates to level up your account — each level improves your claim rates.</p></li>
  <li><p class=""font_8"">Use the AutoFaucet feature for hands-off claiming that runs while you're away.</p></li>
  <li><p class=""font_8"">Withdraw via FaucetPay or directly to your wallet.</p></li>
</ol>","<ul class=""font_8"">
  <li><p class=""font_8"">When you want to accumulate multiple altcoins without managing separate platforms.</p></li>
  <li><p class=""font_8"">If you enjoy gamification and want a progression system beyond just clicking.</p></li>
  <li><p class=""font_8"">As a companion to FaucetPay — DutchyCorp is one of its highest-quality partner faucets.</p></li>
</ul>","https://autofaucet.dutchycorp.space/?r=CryptoDroply","https://www.youtube.com/watch?v=8smUlU2fny0","<p class=""font_8"">Video created by <a href=""https://www.youtube.com/@ea7kre""><u>EA7KRE</u></a></p>","DutchyCorp Final Autoclaim 2026","4",,5,2026-03-05T19:12:36Z,,"PUBLISHED"
"RollerCoin","/faucet/rollercoin","/pro-faucet/rollercoin","<p class=""font_8"">Bitcoin mining simulator, earn real BTC, ETH and other crypto</p>","wix:image://v1/b69407_c2ab1f864fbb4161b61af7462133b176~mv2.avif/rollercoin%20cryptodroply.avif#originWidth=298&originHeight=298","🚀Advanced","5",2026-03-05T19:12:36Z,2026-04-28T09:52:50Z,"b6940792-8897-44e1-9353-172086fbb219","BTC","instant","mini-games 
hashpower","Email","Bitcoin","Game","medium","pc, android, ios","wix:image://v1/b69407_e736e82291c94113a113a5876226a4c3~mv2.png/2.png#originWidth=500&originHeight=500","RollerCoin is a browser-based Bitcoin mining simulator where you play mini-games to increase your virtual hashpower, which then mines real cryptocurrency passively. The more hashpower you accumulate, the more crypto you earn 24/7 without playing.","wix:image://v1/b69407_8fa175e173ce4a0b8c112392716aff33~mv2.png/rollercoin%20faucet%20game%20cryptodroply.png#originWidth=577&originHeight=722","<p class=""font_8"">RollerCoin is the Tamagotchi of crypto earning: you raise a virtual mining empire by playing games, and the empire generates real earnings while you're not playing. Each mini-game gives you hashpower — the more hashpower you build up, the more BTC, ETH and RLT you mine passively around the clock.</p>
<p class=""font_8"">Unlike regular faucets where you stop earning the moment you stop clicking, RollerCoin's hashpower persists. Build it up over weeks, and you have a permanent passive income stream from gaming sessions you already spent.</p>","<ol class=""font_8"">
  <li><p class=""font_8"">Register with email and set up your virtual mining rig.</p></li>
  <li><p class=""font_8"">Play mini-games (Coin Flip, Dr. Hamster, etc.) to earn temporary hashpower boosts.</p></li>
  <li><p class=""font_8"">Accumulated hashpower mines real crypto passively — proportional to your share of the total network hashpower.</p></li>
  <li><p class=""font_8"">Purchase permanent miners with earned crypto to lock in hashpower without daily gaming.</p></li>
  <li><p class=""font_8"">Withdraw BTC, ETH or RLT to your wallet or FaucetPay account.</p></li>
</ol>","<ul class=""font_8"">
  <li><p class=""font_8"">If you play casual browser games anyway — your gaming time starts generating real crypto.</p></li>
  <li><p class=""font_8"">To build a passive mining income stream that doesn't require daily maintenance once established.</p></li>
  <li><p class=""font_8"">As an entry point for explaining Bitcoin mining mechanics in a visual, gamified way.</p></li>
</ul>
<p class=""font_8"">RollerCoin is one of the rare faucets where you can build genuine passive income — not just hourly micro-claims. Invest time in the mini-games early and your hashpower compound.</p>","https://rollercoin.com/?r=l98cghxs","https://www.youtube.com/watch?v=HPimsEqO3VQ","<p class=""font_8"">Video created by <a href=""https://www.youtube.com/@kingapeyc5761""><u>KingApeYC</u></a></p>","My biggest mistakes playing RollerCoin","38",,3,2026-03-05T19:12:36Z,,"PUBLISHED"
"CoinPayU","/faucet/coinpayu","/pro-faucet/coinpayu","<p class=""font_8"">Bitcoin faucet with PTC and monthly leaderboard</p>","wix:image://v1/b69407_5e6e09d937844ea49a156236d35f14fc~mv2.jpg/coinpayu%20cryptodroply.jpg#originWidth=400&originHeight=400","🌱Started","7",2026-03-05T19:12:36Z,2026-04-28T09:52:53Z,"b6940792-8897-44e1-9353-172086fbb219","BTC","daily","leaderboard
focus BTC","Email","Bitcoin","Task","medium","pc, android","wix:image://v1/b69407_fa1ab0bc0e9443108c1751a21c7fc3bc~mv2.png/3.png#originWidth=500&originHeight=500","CoinPayU combines a traditional Bitcoin faucet with a PTC (Paid To Click) ad platform and a competitive $5,000 monthly leaderboard. Users earn BTC for watching ads and completing tasks, with bonus payouts for top leaderboard performers each month.","wix:image://v1/b69407_ac76b4dd4c52401abb3fcdb310668c57~mv2.png/coinpayu%20faucet%20cryptodroply.png#originWidth=736&originHeight=735","<p class=""font_8"">CoinPayU adds a competitive dimension to the faucet formula: a real monthly cash prize pool distributed to the top performers. The leaderboard creates a game within the game, instead of just clicking for micro-amounts, you're racing against other users for a share of $5,000 in BTC.</p>
<p class=""font_8"">The ad-watching model is straightforward: advertisers pay to show you ads, CoinPayU splits the revenue with you in BTC. It's not passive, you have to actively watch, but the rates are higher than basic faucet claims.</p>","<ol class=""font_8"">
  <li><p class=""font_8"">Register with email and complete your profile.</p></li>
  <li><p class=""font_8"">Watch PTC ads to earn BTC, each ad requires active attention for a set duration.</p></li>
  <li><p class=""font_8"">Claim the daily faucet for additional BTC.</p></li>
  <li><p class=""font_8"">Complete offerwalls and tasks to boost your leaderboard score.</p></li>
  <li><p class=""font_8"">Top leaderboard users receive bonus BTC payouts at the end of each month.</p></li>
</ol>","<ul class=""font_8"">
  <li><p class=""font_8"">When you have dedicated time to actively watch ads rather than passive background earning.</p></li>
  <li><p class=""font_8"">At the start of each month to target a leaderboard position before competition builds.</p></li>
  <li><p class=""font_8"">As part of a diversified faucet strategy, CoinPayU covers the active earning layer.</p></li>
</ul>","https://www.coinpayu.com/?r=4yM22GUPA82G","https://www.youtube.com/watch?v=cyRRxG8cga4","<p class=""font_8"">Video created by <u>Queen Magomani</u></p>","Coinpayu Seems Sketchy, Until You See How It Really Pays","8",,6,2026-03-05T19:12:36Z,,"PUBLISHED"
"Ember","/faucet/ember","/pro-faucet/ember","<p class=""font_8"">Earn Bitcoin satoshis through passive mining</p>","wix:image://v1/b69407_6425fba7b8dc414f92e32c66565e7a21~mv2.webp/ember%20cryptodroply.webp#originWidth=480&originHeight=480","🌱Started","be52a234-913f-4f28-8286-5af37a096d13",2026-04-01T17:41:18Z,2026-05-16T09:00:02Z,"b6940792-8897-44e1-9353-172086fbb219","hourly","BTC","referral boost
tournaments","Game","Bitcoin","low","android, ios","Email","wix:image://v1/b69407_e736e82291c94113a113a5876226a4c3~mv2.png/2.png#originWidth=500&originHeight=500","Ember is a mobile-first Bitcoin app that lets you passively accumulate satoshis through a simulated mining mechanic: activate it once, collect sats every hour, multiply your rate by inviting friends. Layer on top of that: free games, portfolio tournaments and micro-tasks that add more sats to your balance.
The model is simple — earn passively, use the games to convert your accumulated balance into withdrawable sats, then move them to a Bitcoin wallet, a Lightning wallet or directly to Polygon as wBTC. Built for beginners who want Bitcoin exposure without buying it.","wix:image://v1/b69407_c263e42cc6bf4e4e8b153407c12b3a1f~mv2.png/ember%20found%20cryptodroply.png#originWidth=617&originHeight=790","<p class=""font_8"">Ember is like a digital piggy bank that fills itself with satoshis while your phone sits on the table. A simulated mining mechanic drips sats at your base rate — boost it by referring friends, completing tasks and engaging with the app game layer. More referrals, more sats per hour, automatically.</p>
<p class=""font_8"">Unlike browser faucets, Ember is mobile-native and wraps Bitcoin earning inside a gaming and portfolio education experience. You learn what crypto portfolios are while passively stacking sats.</p>","<ol class=""font_8"">
  <li><p class=""font_8"">Download the app (iOS or Android) and register with an email.</p></li>
  <li><p class=""font_8""><strong>Use code: MNGS2ERBJ</strong></p></li>
  <li><p class=""font_8"">Activate mining, the app starts dripping satoshis at your current hourly rate (1 sat/hr base).</p></li>
  <li><p class=""font_8"">Refer friends to multiply your hourly mining rate — each active referral increases your per-hour earnings.</p></li>
  <li><p class=""font_8"">Play games and join free tournaments to convert accumulated sats into your withdrawable balance (play-through mechanic — bet the minimum to avoid losses).</p></li>
  <li><p class=""font_8"">Withdraw to an internal Bitcoin wallet, an external Bitcoin/Lightning wallet, or as wBTC on Polygon once you hit the minimum threshold.</p></li>
</ol>","<ul class=""font_8"">
  <li><p class=""font_8"">If you use a smartphone daily and want a passive Bitcoin earner that accumulates without constant interaction.</p></li>
  <li><p class=""font_8"">When you want to introduce friends to Bitcoin — the referral multiplier makes sharing genuinely worthwhile.</p></li>
  <li><p class=""font_8"">As a zero-risk entry point to understand Bitcoin mining mechanics and portfolio concepts without investing real money.</p></li>
</ul>
<p class=""font_8"">Watch out: a portion of mined sats must pass through the play-through mechanic before becoming withdrawable. Always bet the minimum to convert your balance without losing it.</p>","https://emberfund.onelink.me/ljTI/bce33290/?mining_referrer_id=MNGS2ERBJ","https://www.youtube.com/watch?v=TfCwETZqEcQ","<p class=""font_8"">Video created by <a href=""https://www.youtube.com/@JardinFinanciero""><u>JardinFinanciero</u></a></p>","Ember Fund Bitcoin Withdrawal 2024 - Ultimate Step-by-Step Tutorial 💰📲","2g",,1,,,"PUBLISHED"
"Faucet Crypto","/faucet/faucet-crypto","/pro-faucet/faucet-crypto","<p class=""font_8"">Earn 25+ cryptocurrencies through tasks, 30-min faucet</p>","wix:image://v1/b69407_43d3a5e13a994b36840ae7881dcd1e3d~mv2.png/faucetcrypto%20cryptodroply.png#originWidth=68&originHeight=77","🌱Started","eda01067-339b-43a0-8cd3-4250c07b9a71",2026-03-26T21:22:52Z,2026-04-28T09:54:14Z,"b6940792-8897-44e1-9353-172086fbb219","Multi","30min","level up
social jobs","Email","Multi","Task","medium","Email","wix:image://v1/b69407_fa1ab0bc0e9443108c1751a21c7fc3bc~mv2.png/3.png#originWidth=500&originHeight=500","FaucetCrypto è il videogioco del mondo dei faucet: più giochi, più forte diventa il tuo personaggio. Ogni task completato ti porta XP che fa salire di livello il tuo account, e ogni livello aumenta permanentemente tutti i tuoi futuri guadagni — faucet, ads, offerwalls, tutto scala insieme.
Fondato nel 2017 e con oltre 2 milioni di utenti, supporta 25+ criptovalute e paga via FaucetPay con un minimo di soli 1.000 coin interni (~$0.04). Il timer da 30 minuti ti invita a tornare spesso, ma il vero moltiplicatore è il sistema di livellamento.","wix:image://v1/b69407_e1a44d4e96c746ef85ef8674b01d6252~mv2.png/faucetcrypto%20task%20cryptodroply.png#originWidth=321&originHeight=420","<p class=""font_8"">FaucetCrypto is a rewards platform where you earn an internal coin currency by claiming the faucet every 30 minutes, watching ads, completing surveys, doing social media jobs and working through offerwalls. Coins convert directly into 25+ real cryptocurrencies at withdrawal — no extra swap needed.</p>
<p class=""font_8"">Think of it as a loyalty program where your account is the card and every action you take earns points that permanently increase your future earnings. Unlike faucets that keep you at the same flat rate forever, FaucetCrypto rewards the time you have actually invested.</p>","<ol class=""font_8"">
  <li><p class=""font_8"">Register with an email — no KYC required.</p></li>
  <li><p class=""font_8"">Claim the faucet every 30 minutes for your base coin reward.</p></li>
  <li><p class=""font_8"">Complete surveys, watch ads, do social jobs and offerwalls to earn significantly more coins per session.</p></li>
  <li><p class=""font_8"">Each task earns XP — accumulate it to level up and permanently increase all future earnings across every category.</p></li>
  <li><p class=""font_8"">Once you reach 1,000 coins (~$0.04), withdraw to FaucetPay in your chosen cryptocurrency.</p></li>
</ol>","<ul class=""font_8"">
  <li><p class=""font_8"">When you want a multi-coin faucet with a progression system that actually rewards your time investment over weeks and months.</p></li>
  <li><p class=""font_8"">If you are starting out and want fast withdrawals — the 1,000 coin minimum is one of the lowest thresholds in the faucet space.</p></li>
  <li><p class=""font_8"">As an active complement to passive earners like Fire Faucet — FaucetCrypto rewards engagement while the others run in the background.</p></li>
</ul>","https://faucetcrypto.com/r/11067884","https://www.youtube.com/watch?v=O-ReJDmSBP4","<p class=""font_8"">Video created by&nbsp;<a href=""https://www.youtube.com/@clickntap""><u>Click &amp; Tap</u></a></p>","How To Withdraw From Faucet Crypto (Step by Step)","o",,7,,,"PUBLISHED"
