"Title","Gaming/Metaverse (Item)","PRO Gaming/Metaverse (Item)","Description","Image","ID","Created Date","Updated Date","Owner","Platform","Difficulty","Rewards","TIP","Requirements","Type","Referral","Referral Type","Chain","Star Rate","Full description","IMG Articolo","What is it","How it works","When to use it","Manual sort","reflink","video1","created1","titolo1","Publish Date","Unpublish Date","Status"
"PlayToEarn.net","/gaming-metaverse/playtoearn.net","/pro-gaming-metaverse/playtoearn.net","<p class=""font_8"">Browse 3,000+ blockchain games and filter</p>","wix:image://v1/b69407_3f3d239b6e9c44cd8bb42fe7507e183c~mv2.jpg/playtoearn%20cryptodroply.jpg#originWidth=400&originHeight=400","1",2026-03-06T14:04:01Z,2026-03-28T08:31:30Z,"b6940792-8897-44e1-9353-172086fbb219","pc, android, ios","🌱Started","N/A","Game List
Filters","None","Directory","❌","No referral program","Multi","wix:image://v1/b69407_e736e82291c94113a113a5876226a4c3~mv2.png/2.png#originWidth=500&originHeight=500","PlayToEarn.net is the most comprehensive Web3 game discovery platform, indexing over 3,000 blockchain games across every chain and genre. It provides reviews, ratings, news, earnings analysis and a blockchain game awards system. It is the go-to starting point for researching any new GameFi title before committing time or money.","wix:image://v1/b69407_e5dfa5c1bd474c88a9e85da16b0deee4~mv2.png/playotoearn%20game%20%20cryptodroply.png#originWidth=733&originHeight=761","<p class=""font_8"">PlayToEarn is the IMDb of blockchain gaming: every game has a dedicated page with reviews, on-chain stats, earning potential estimates and community ratings. Before you download anything, you search here.</p>
<p class=""font_8"">The filter system is its killer feature — you can narrow down 3,000+ games by blockchain, genre, earning model (free-to-play, play-to-earn, play-and-own), device, NFT requirements and current status (active, beta, upcoming). Instead of reading 10 articles, you run one filter and get a shortlist of games that actually fit your situation.</p>","<ol class=""font_8"">
  <li><p class=""font_8"">Go to playtoearn.net and use the filter bar at the top.</p></li>
  <li><p class=""font_8"">Select your chain (Ethereum, Ronin, BNB, Solana, etc.) and earning model (Free to Play is a safe start).</p></li>
  <li><p class=""font_8"">Open individual game pages for reviews, tokenomics breakdown, earning potential estimates and community feedback.</p></li>
  <li><p class=""font_8"">Check the 'Status' field — Active means live servers, Beta means early access, Upcoming means not launched yet.</p></li>
  <li><p class=""font_8"">Read the Earnings section carefully — it shows typical monthly income ranges for casual vs. dedicated players.</p></li>
</ol>
<p class=""font_8"">PlayToEarn also runs the annual Blockchain Game Awards — a useful signal for identifying which games the community considers highest quality each year.</p>","<ul class=""font_8"">
  <li><p class=""font_8"">Before starting any new Web3 game — research it here first, no exceptions.</p></li>
  <li><p class=""font_8"">To compare earning potential across multiple games before deciding where to invest your time.</p></li>
  <li><p class=""font_8"">For weekly news on game launches, token listings and ecosystem updates in the GameFi space.</p></li>
  <li><p class=""font_8"">As a due diligence tool before purchasing any NFT or in-game asset.</p></li>
</ul>
<p class=""font_8"">Rule: if a game doesn't have a PlayToEarn page with real community reviews, treat it as an unverified project until proven otherwise.</p>","1g","https://playtoearn.com/r/871365","https://www.youtube.com/watch?v=sKquCGmATAc","<p class=""font_8"">Video Created by&nbsp;<u>PlayToEarn</u></p>","7 Years of PlayToEarn | The Next Era of Crypto Gaming Begins",2026-03-06T14:04:01Z,,"PUBLISHED"
"The Sandbox","/gaming-metaverse/the-sandbox","/pro-gaming-metaverse/the-sandbox","<p class=""font_8"">Earn $SAND by completing quest events</p>","wix:image://v1/b69407_da11a4e2f52f4e1495b5984882579a3f~mv2.jpg/thesandbox%20events%20cryptodroply.jpg#originWidth=253&originHeight=253","15",2026-03-06T14:04:01Z,2026-03-28T10:08:06Z,"b6940792-8897-44e1-9353-172086fbb219","pc","💡Medium","SAND+NFT","Earn Sand
Earn NFT","MetaMask + client","Metaverse","✅","Bonus EP per ogni amico invitato durante le Alpha Season attive","Ethereum, Polygon","wix:image://v1/b69407_e736e82291c94113a113a5876226a4c3~mv2.png/2.png#originWidth=500&originHeight=500","The Sandbox is an Ethereum metaverse where anyone can play, build and earn SAND tokens. Its earning engine runs on Alpha Seasons — multi-week events held roughly once per quarter with 100+ curated experiences, a Battle Pass progression system, daily quests and massive SAND prize pools. Alpha Season 4 (Oct–Dec 2024) distributed $2.5M+ in SAND to 276,000 unique players. Season 5 ran on a Jurassic World theme in March 2025. Season 7 launched February 25, 2026 with $53,000 in SAND rewards. Between seasons the platform runs brand activations, Game Jams (up to 150,000 SAND in creator prizes) and Avatar Transformation Events.","wix:image://v1/b69407_eca7d07efefd41b5a406f83da342f8f9~mv2.png/thesandbox%20cryptodroply.png#originWidth=702&originHeight=780","<p class=""font_8"">The Sandbox is not just a metaverse — it's a seasonal earn machine. The world exists 365 days a year, but the real earning windows are the Alpha Seasons: multi-week festivals where every day a new experience unlocks, daily quests give SAND, and the Battle Pass rewards every level-up with tokens and NFTs.</p>
<p class=""font_8"">The brands that have built experiences here are not a coincidence: Snoop Dogg, Adidas, Atari, Attack on Titan, Gordon Ramsay, Jurassic World, Warner Music. Each brand activation brings its own limited NFT drops — collectibles you can only get by being there during that specific window. After the event ends, that NFT is gone. This is the scarcity mechanic that makes showing up on launch day genuinely valuable.</p>","<ol class=""font_8"">
  <li><p class=""font_8"">Create a free account at sandbox.game and download the game client (Windows or Mac).</p></li>
  <li><p class=""font_8"">Connect your MetaMask wallet — this is where SAND and NFT rewards land on-chain.</p></li>
  <li><p class=""font_8"">Check the Events and Map tabs to find today's active experience — completing it first gives a bonus EP multiplier.</p></li>
  <li><p class=""font_8"">Work through the Battle Pass: daily quests + social challenges + adventure quests each unlock SAND and NFT rewards.</p></li>
  <li><p class=""font_8"">Target the weekly Alpha Pass raffle — 500 passes are given free each week to top leaderboard players. The pass multiplies all SAND earnings 13x.</p></li>
  <li><p class=""font_8"">Between Alpha Seasons: check the Events calendar at sandbox.game for brand activations (standalone events with their own NFT and SAND pools), Avatar Transformation Events and creator competitions.</p></li>
  <li><p class=""font_8"">For creators: enter monthly Game Jams with prize pools up to 150,000 SAND — open to any VoxEdit or Game Maker user.</p></li>
  <li><p class=""font_8"">LAND holders: Seasons distribute additional SAND bonuses to LAND owners on top of regular player rewards.</p></li>
</ol>
<p class=""font_8"">Recurring earn calendar to bookmark: Alpha Seasons run ~once per quarter (10 weeks each). Game Jams run monthly. Brand activations are announced 1–2 weeks in advance on @TheSandboxGame on X. DAO governance votes (on a 25M SAND community budget) run continuously for SAND and LAND stakers.</p>","<ul class=""font_8"">
  <li><p class=""font_8"">On Alpha Season launch day — the first week always has the highest participant-to-reward ratio before the competition builds.</p></li>
  <li><p class=""font_8"">During brand activations (Jurassic World, Snoop Dogg, etc.) for limited NFT drops — these wearables have a hard cutoff date after which they become secondary market only.</p></li>
  <li><p class=""font_8"">Every week for the Alpha Pass raffle — free entry, 500 passes, the upside is a 13x multiplier on all season earnings.</p></li>
  <li><p class=""font_8"">During Game Jams if you use VoxEdit or Game Maker — creator prize pools are some of the highest in Web3.</p></li>
  <li><p class=""font_8"">As a LAND holder during any Season — ownership passively multiplies your baseline SAND rewards.</p></li>
</ul>
<p class=""font_8"">Where to track events: sandbox.game/events (official calendar), @TheSandboxGame on X (launch alerts), The Sandbox Discord #announcements (real-time drops). Flagship events are announced 3–5 weeks ahead. Brand activations appear 1 week ahead. Game Jam deadlines are monthly.</p>","8","https://www.sandbox.game/","https://www.youtube.com/watch?v=cXveGmMZcbc","<p class=""font_8"">Video created by <a href=""https://www.youtube.com/@stuffetystuff""><u>The Stuff</u></a></p>","How to Play The Sandbox and Earn Money as a Beginner (2026)",2026-03-06T14:04:01Z,,"PUBLISHED"
"Decentraland","/gaming-metaverse/decentraland","/pro-gaming-metaverse/decentraland","<p class=""font_8"">Events for Free NFT wearable drops, MANA prizes</p>","wix:image://v1/b69407_0c5c0a12a7ef45db809b37ab62728e3f~mv2.jpg/decentraland%20events%20cryptodroply.jpg#originWidth=400&originHeight=400","16",2026-03-06T16:52:10Z,2026-03-28T10:00:31Z,"b6940792-8897-44e1-9353-172086fbb219","pc, android, ios","💡Medium","MANA+NFT","Event List
Earn NFT","MetaMask to keep rewards.","Metaverse","✅","500 MANA bonus for recommending an eligible community as a Music Festival Party Pad — paid if the community is selected","Ethereum (Polygon for transactions)","wix:image://v1/b69407_e736e82291c94113a113a5876226a4c3~mv2.png/2.png#originWidth=500&originHeight=500","Decentraland is the original DAO-governed Ethereum metaverse, fully running since 2020. It operates a fixed annual event calendar with four flagship events: Music Festival (December, 4 days, $10K+ MANA prizes and live wearable drops during DJ sets), Art Week (September, 4 days, 27+ immersive artworks with interactive rewards), Metaverse Fashion Week (April, 4 days, $1,000 MANA Community Choice Award and designer grants), Career Quest (July, 2 days, $12,000 Web3 bootcamp scholarship pool). Community-organized events run daily across 50+ active districts. The guest mode requires zero wallet setup — the lowest entry barrier of any major metaverse.","wix:image://v1/b69407_eadf82a9f8ab400eaedd9ef6bcbd46fb~mv2.png/decentraland%20cryptodroply.png#originWidth=622&originHeight=748","<p class=""font_8"">Decentraland is the only major metaverse where a completely new user can walk in with no wallet, no crypto and no money — and walk out with real blockchain assets the same day. The guest mode is genuinely open: connect at play.decentraland.org, choose an avatar, and you're inside. If you happen to be standing in front of the right stage at the Music Festival when a wearable drops, it goes directly into your wallet — if you have one connected.</p>
<p class=""font_8"">The four flagship events are not marketing campaigns — they're the most consistent earn windows in the metaverse space. Music Festival has run annually since 2021 with live MANA prize pools. Metaverse Fashion Week launched careers of digital fashion designers who now sell wearables for thousands of dollars on OpenSea. Art Week brings 27+ curated artworks with creator-set interactive rewards. Career Quest hands out $12,000 in real scholarships for Web3 development bootcamps. These are real economic events, not virtual theater.</p>","<ol class=""font_8"">
  <li><p class=""font_8"">Go to play.decentraland.org — click 'Jump in as Guest' to enter immediately without any setup.</p></li>
  <li><p class=""font_8"">Open the Events tab inside Decentraland to see the live calendar — both official flagship events and community-organized daily happenings.</p></li>
  <li><p class=""font_8"">Connect a MetaMask wallet if you want to actually own what you earn — guest mode lets you attend but not keep rewards on-chain.</p></li>
  <li><p class=""font_8"">Music Festival (December): stand in front of the main stage during DJ sets — wearables drop live to nearby avatars. Arrive 5 minutes early, don't move.</p></li>
  <li><p class=""font_8"">Art Week (September): follow the creator tour across 27 artworks — some include hidden interactive reward mechanisms, discoverable only by engaging with the installations.</p></li>
  <li><p class=""font_8"">Metaverse Fashion Week (April): enter the Wearables Around the World contest by submitting a wearable design — shortlisted creators get their submission fee reimbursed plus compete for the $1,000 MANA Community Choice Award.</p></li>
  <li><p class=""font_8"">Career Quest (July): complete in-world skill challenges to qualify for the $12,000 Web3 bootcamp scholarship pool.</p></li>
  <li><p class=""font_8"">Between flagship events: visit decentraland.org/events daily — community organizers run game tournaments, photo contests, live music sessions, DAO AMAs and more, many with MANA or NFT prizes.</p></li>
</ol>
<p class=""font_8"">Earn calendar: Music Festival → December. Art Week → September. Metaverse Fashion Week → April. Career Quest → July. Daily community events → every day at decentraland.org/events. DAO governance → continuous, MANA and LAND stakers vote on platform decisions and grant distribution.</p>","<ul class=""font_8"">
  <li><p class=""font_8"">During Music Festival (December) — wearable drops are the highest-value free reward in any metaverse. Zero cost, just show up at the right stage at the right time.</p></li>
  <li><p class=""font_8"">During Metaverse Fashion Week (April) for designers — the $1,000 prize and global exposure are the best return on creative work in Web3 fashion.</p></li>
  <li><p class=""font_8"">During Art Week (September) — interactive artworks with hidden rewards favor explorers who engage deeply rather than tourist-walking through.</p></li>
  <li><p class=""font_8"">During Career Quest (July) for anyone interested in Web3 development — $12,000 in scholarship value with no financial entry barrier.</p></li>
  <li><p class=""font_8"">Daily for community events — the active districts (Vegas City casino district, Museum District, Fashion District) each run recurring events with their own reward pools.</p></li>
  <li><p class=""font_8"">As a first metaverse experience for students or contacts — guest mode makes it the only major metaverse that requires zero crypto setup to attend.</p></li>
</ul>
<p class=""font_8"">Where to track events: decentraland.org/events (official calendar, filterable by date and district), @decentraland on X (flagship event announcements 4–6 weeks ahead), Decentraland Discord #events (community events, often 24-48h notice). Music Festival lineup is announced in November. Fashion Week brands are announced in March.</p>","1k","https://decentraland.org","https://www.youtube.com/watch?v=ylZrPisyPl4","<p class=""font_8"">Video created by <a href=""https://www.youtube.com/@decentraland_foundation""><u>Decentraland</u></a></p>","Introduction to Decentraland: How to Download and Get Started",2026-03-06T16:52:10Z,,"PUBLISHED"
"Elixir Games","/gaming-metaverse/elixir-games","/pro-gaming-metaverse/elixir-games","<p class=""font_8"">130+ blockchain games in one launcher, with launchpad.</p>","wix:image://v1/b69407_1de00d7c1ff042608aeaab93d7e24948~mv2.jpg/elixir%20game%20cryptodroply.jpg#originWidth=400&originHeight=400","3",2026-03-06T14:04:01Z,2026-03-28T08:48:07Z,"b6940792-8897-44e1-9353-172086fbb219","pc","🌱Started","ELIX","Launchpad
Client","Desktop install","Launcher","✅","Referral program with ELIX token rewards","Multi","wix:image://v1/b69407_e736e82291c94113a113a5876226a4c3~mv2.png/2.png#originWidth=500&originHeight=500","Elixir Games is a desktop game launcher purpose-built for Web3 — the answer to Steam's ban on crypto games. It aggregates 130+ blockchain games in a unified client with auto-updates, anti-cheat, multi-OS support, an NFT marketplace and an integrated launchpad for new game launches. It uses ELIX as its ecosystem token.","wix:image://v1/b69407_d6090fe2748f4967a50a443dfee66f8e~mv2.png/elixir%20cryptodroply.png#originWidth=601&originHeight=637","<p class=""font_8"">Elixir is what Steam would look like if it had been built in 2024 instead of 2003: all your Web3 games in one library, auto-updated, with an integrated marketplace to buy and sell in-game NFTs without leaving the app. Steam banned blockchain games — Elixir built the replacement.</p>
<p class=""font_8"">The launchpad is the highest-value feature for serious GameFi players: new games that launch through Elixir offer early NFT mints, whitelist spots and beta access exclusively to launcher users. Getting in early on a game before the public launch has historically meant the difference between buying NFTs at mint price and buying them 5x higher after the game goes viral.</p>","<ol class=""font_8"">
  <li><p class=""font_8"">Download the Elixir launcher from elixir.games — available for Windows, Mac and Linux.</p></li>
  <li><p class=""font_8"">Create an account and connect your Web3 wallet.</p></li>
  <li><p class=""font_8"">Browse the game library — filter by genre, chain or play model.</p></li>
  <li><p class=""font_8"">Install games directly from the launcher — auto-updates keep everything current without manual downloads.</p></li>
  <li><p class=""font_8"">Check the Launchpad section for upcoming game launches with early NFT access and whitelist opportunities.</p></li>
  <li><p class=""font_8"">Use the integrated NFT store to buy and sell in-game assets across all supported games.</p></li>
</ol>
<p class=""font_8"">Elixir also has a built-in quest system where completing in-game challenges earns ELIX tokens redeemable for game assets or sold on exchange.</p>","<ul class=""font_8"">
  <li><p class=""font_8"">As your primary desktop client for any Web3 PC game — it replaces going to individual game websites.</p></li>
  <li><p class=""font_8"">For early access to new game launches through the launchpad — whitelist spots fill quickly.</p></li>
  <li><p class=""font_8"">To manage your Web3 game NFT portfolio in one place without juggling multiple marketplaces.</p></li>
  <li><p class=""font_8"">If you want to earn ELIX passively by completing quest challenges across multiple games.</p></li>
</ul>
<p class=""font_8"">Elixir is the infrastructure layer for serious Web3 gaming on PC. Install it once and you have a permanent home base for your gaming activity.</p>","1h","https://elixir.games","https://www.youtube.com/watch?v=K9adQml6t7c","<p class=""font_8"">Video Created by&nbsp;<a href=""https://www.youtube.com/@Elixir_Games""><u>ELIXIR GAMES</u></a></p>","Elixir Game Intelligence Framework | The New Era of AI Agents in Gaming",2026-03-06T14:04:01Z,,"PUBLISHED"
"HyperPlay","/gaming-metaverse/hyperplay","/pro-gaming-metaverse/hyperplay","<p class=""font_8"">Web3 launcher that merges your Steam, Epic and GOG library</p>","wix:image://v1/b69407_c961364a30204264ab0efbb662d56b42~mv2.jpg/hyperplay%20cryptodroply.jpg#originWidth=400&originHeight=400","4",2026-03-06T14:04:01Z,2026-03-28T08:52:35Z,"b6940792-8897-44e1-9353-172086fbb219","pc","💡Medium","Multi","Web3 library
Client","Desktop install","Launcher","✅","Referral program for new user signups","Multi","wix:image://v1/b69407_fa1ab0bc0e9443108c1751a21c7fc3bc~mv2.png/3.png#originWidth=500&originHeight=500","HyperPlay is an open-source game store and launcher developed by Game7 (backed by MetaMask/ConsenSys). It aggregates Web3 games and connects them with existing Web2 libraries from Steam, Epic Games Store and GOG — the only launcher that bridges both worlds. It supports multiple wallets and aims to be chain-agnostic.","wix:image://v1/b69407_965c503a847c4cb18a3863738665f269~mv2.png/hyperplay%20game%20cryptodroply.png#originWidth=828&originHeight=758","<p class=""font_8"">HyperPlay solved the biggest friction point in Web3 gaming adoption: gamers don't want to abandon the 500-game Steam library they built over 15 years just to play blockchain games. HyperPlay puts everything in one client — your Steam games sit next to your Web3 games, your MetaMask wallet is always connected, and you switch between them without relaunching anything.</p>
<p class=""font_8"">As the only MetaMask-native launcher, HyperPlay handles wallet connections automatically. No more approving transactions in a separate browser window — the wallet popup appears inside the launcher itself. It's the smoothest Web3 gaming UX available for desktop users coming from a traditional gaming background.</p>","<ol class=""font_8"">
  <li><p class=""font_8"">Download HyperPlay from store.hyperplay.xyz — open source, verifiable.</p></li>
  <li><p class=""font_8"">Connect your MetaMask (or other compatible) wallet during setup.</p></li>
  <li><p class=""font_8"">Import your existing Steam, Epic or GOG library — your Web2 games appear alongside Web3 titles.</p></li>
  <li><p class=""font_8"">Browse the Web3 game catalog and install directly from the launcher.</p></li>
  <li><p class=""font_8"">Wallet interactions (transaction approvals, NFT mints) appear as native popups inside the launcher.</p></li>
</ol>
<p class=""font_8"">HyperPlay also features an achievement system that rewards players with onchain credentials for completing game milestones.</p>","<ul class=""font_8"">
  <li><p class=""font_8"">If you're a traditional PC gamer transitioning to Web3 — keep your existing library and add blockchain games alongside.</p></li>
  <li><p class=""font_8"">For MetaMask users who want seamless wallet integration without browser switching.</p></li>
  <li><p class=""font_8"">As a Web3 Steam alternative that doesn't force you to choose between legacy and blockchain gaming.</p></li>
  <li><p class=""font_8"">For developers building Web3 games who want distribution on an open, chain-agnostic platform.</p></li>
</ul>","1i","https://www.hyperplay.xyz","https://www.youtube.com/watch?v=k7lcrrQXoQE","<p class=""font_8"">Video Created by&nbsp;<a href=""https://www.youtube.com/@EverythingAltcoin""><u>EverythingAltcoin</u></a></p>","UPCOMING GAMING CRYPTO BACKED BY METAMASK",2026-03-06T14:04:01Z,,"PUBLISHED"
"SolGames","/gaming-metaverse/solgames","/pro-gaming-metaverse/solgames","<p class=""font_8"">Real-time discovery and ranking Solana games</p>","wix:image://v1/b69407_51dee62a38cd455fa9f5a05989469b84~mv2.png/solgames%20cryptodroply.png#originWidth=400&originHeight=400","49acb575-00e7-41d3-9cb5-0f4b148192d3",2026-08-24T02:24:43Z,2026-08-24T08:57:27Z,"b6940792-8897-44e1-9353-172086fbb219","web","🌱Started","N/A","Game Rankings
Live Feed","None","Directory","❌","No referral program","Solana","wix:image://v1/b69407_e736e82291c94113a113a5876226a4c3~mv2.png/2.png#originWidth=500&originHeight=500","SolGames.buzz is a discovery and analytics platform focused exclusively on Solana blockchain games. AI agents continuously scan X and on-chain data for early signals of new game launches, then verify each candidate by checking for a real playable client, confirming it runs on Solana, and profiling the token and team. Verified games are tagged as ""Scouted,"" ""Analyzed,"" or ""Verified"" depending on how much data has been confirmed, and ranked by a live ""Buzz"" score that measures real social momentum alongside price, market cap and player count. The platform launched in June 2026 and is still an early-stage project with a small social following.","wix:image://v1/b69407_c4cc377d427c4989a7d80c52aafb9e0c~mv2.png/solgames-cryptodroply.png#originWidth=552&originHeight=630","<p class=""font_8"">SolGames.buzz works like a live radar for the Solana gaming sector: instead of reading scattered announcements across X, you get one dashboard listing every tracked game with its token price, 24h change, market cap, holder count and live player numbers where available. Each listed game carries a status label — Scouted (just flagged, unverified), Analyzed (checked by an AI agent), or Verified (fully confirmed) — so you can immediately see how much due diligence has been done before you go looking at a project yourself.</p>","<ol class=""font_8"">
  <li><p class=""font_8"">Go to solgames.buzz/discover and browse the list of tracked Solana games, filterable by Trending, Popular, Most Played, Top Gainers or New.</p></li>
  <li><p class=""font_8"">Check each game's status badge (Scouted / Analyzed / Verified) to gauge how much verification has been done.</p></li>
  <li><p class=""font_8"">Open a game's page to see its token price, market cap, 24h change, holder count and live player count where available.</p></li>
  <li><p class=""font_8"">Visit the Rankings page for a leaderboard sorted by market cap, volume and Buzz score.</p></li>
  <li><p class=""font_8"">Check the Feed page for a chronological stream of game launches, milestones and partnerships across the Solana gaming ecosystem.</p></li>
  <li><p class=""font_8"">Read the Reviews section for written breakdowns of individual games, including delisted or failed projects kept as reference.</p></li>
  <li><p class=""font_8"">Optionally, connect a wallet on the Community page to submit a game that isn't tracked yet — if the team's AI agent confirms it, the submitting wallet gets a ""Hunter"" credit on the game's page.</p></li>
</ol>","<ul class=""font_8"">
  <li><p class=""font_8"">Before trying a new Solana game, to check whether it has a verified client and an active token.</p></li>
  <li><p class=""font_8"">To compare market cap, price movement and player counts across multiple Solana games in one place.</p></li>
  <li><p class=""font_8"">To follow real-time news on new launches and partnerships in the Solana gaming space via the Feed.</p></li>
  <li><p class=""font_8"">As a reference before buying a game token, given the platform also documents delisted or collapsed projects.</p></li>
</ul>
<p class=""font_8"">Note: the platform itself is early-stage (live since June 2026), so treat its own coverage as one data point rather than a final verdict on any game.</p>",,"https://solgames.buzz/",,,,2026-08-24T02:23:35Z,,"PUBLISHED"
"WEMIX PLAY","/gaming-metaverse/wemix-play","/pro-gaming-metaverse/wemix-play","<p class=""font_8"">100+ blockchain games with built-in swap, WEMIX$</p>","wix:image://v1/b69407_304b3ff079254aec8f47187f94af1928~mv2.jpg/wemix%20play%20%20cryptodroply.jpg#originWidth=400&originHeight=400","5",2026-03-06T14:04:01Z,2026-03-28T08:56:34Z,"b6940792-8897-44e1-9353-172086fbb219","pc, android, ios","💡Medium","WEMIX","Best
Android","Wallet + WEMIX account","Platform","✅","Referral program with WEMIX rewards","WEMIX","wix:image://v1/b69407_fa1ab0bc0e9443108c1751a21c7fc3bc~mv2.png/3.png#originWidth=500&originHeight=500","WEMIX PLAY is the blockchain gaming platform developed by Wemade, the Korean studio behind The Legend of Mir franchise with 500M+ lifetime users. It hosts 100+ blockchain games with integrated DeFi services: a token swap for game tokens, staking, NFT auctions, and the WEMIX$ stablecoin. It is the dominant GameFi platform in the Asian market.","wix:image://v1/b69407_378b0784ea974c35be41c88e123e603d~mv2.png/wemix%20cryptodroply.png#originWidth=645&originHeight=703","<p class=""font_8"">WEMIX PLAY is what GameFi looks like when built by a 25-year veteran game studio instead of a DeFi team that decided to make games. Wemade shipped The Legend of Mir — one of the most played MMORPGs in Asia — before blockchain existed. WEMIX PLAY is their answer to what gaming + crypto should look like when the gaming side actually knows what it's doing.</p>
<p class=""font_8"">The key differentiator is the integrated financial layer: you earn tokens in a game, swap them to WEMIX$ (a stablecoin) inside the same platform without touching an external exchange, then stake them for yield — all without leaving WEMIX PLAY. It's a closed-loop economy where game earnings have a direct path to stable value, which most GameFi platforms still can't offer.</p>","<ol class=""font_8"">
  <li><p class=""font_8"">Create a WEMIX account at wemixplay.com and connect a compatible wallet.</p></li>
  <li><p class=""font_8"">Browse the game catalog — filter by genre, platform (PC/mobile) or earning model.</p></li>
  <li><p class=""font_8"">Each game has its own token economy — check the tokenomics page before starting.</p></li>
  <li><p class=""font_8"">Earn game-specific tokens through gameplay.</p></li>
  <li><p class=""font_8"">Use the WEMIX PLAY integrated swap to convert game tokens to pWEMIX$ stablecoin.</p></li>
  <li><p class=""font_8"">Stake tokens in the DeFi section to earn passive yield on your gaming earnings.</p></li>
</ol>
<p class=""font_8"">WEMIX PLAY also runs regular NFT auctions and REFLECT token mechanics — synthetic tokens created by fusing multiple game tokens that appreciate as the ecosystem grows.</p>","<ul class=""font_8"">
  <li><p class=""font_8"">If you want a full-ecosystem approach to GameFi — earn, swap, stake all in one platform without external exchanges.</p></li>
  <li><p class=""font_8"">For mobile-first GameFi gaming — WEMIX has a strong catalog of mobile titles.</p></li>
  <li><p class=""font_8"">To access the Asian GameFi market and games not available on Western-focused platforms.</p></li>
  <li><p class=""font_8"">For the WEMIX$ stablecoin path — one of the few GameFi platforms where you can stabilize earnings without leaving the ecosystem.</p></li>
</ul>
<p class=""font_8"">WEMIX is the most mature full-stack GameFi ecosystem from a company with actual gaming pedigree. If sustainable tokenomics matter to you, this is worth investigating seriously.</p>","1ig","https://www.youtube.com/watch?v=SxnYdLm9_CE","https://www.youtube.com/watch?v=SxnYdLm9_CE","<p class=""font_8"">Video Created by&nbsp;<a href=""https://www.youtube.com/@wemix_Official""><u>WEMIX</u></a></p>","[WEMIX 101] How WEMIX$ works",2026-03-06T14:04:01Z,,"PUBLISHED"
