"Title","Privacy buy/spend (Item)","ID","Created Date","Updated Date","Owner","Description","Logo","Platform","Difficulty","Type","TIP","Requirements","Referral","Chain","Star Rate","Full description","IMG Articolo","What is it","How it works","When to use it","Manual sort","reflink","video1","creator1","titolo1","Publish Date","Unpublish Date","Status"
"Bisq","/privacy-buy-sell/bisq","1",2026-03-05T19:14:09Z,2026-05-25T21:24:32Z,"b6940792-8897-44e1-9353-172086fbb219","P2P Bitcoin exchange, fully decentralized","wix:image://v1/b69407_1c1c12f9c7b845fda8b4f6e71c620ce6~mv2.jpg/bisq%20cryptodroply.jpg#originWidth=400&originHeight=400","pc","🚀Advanced","Buy No-KYC","P2P
Software","BTC for security bond","❌","Bitcoin","wix:image://v1/b69407_e736e82291c94113a113a5876226a4c3~mv2.png/2.png#originWidth=500&originHeight=500","Bisq is a fully open-source P2P Bitcoin exchange that runs as a distributed protocol on its users' machines. There is no company, no server, no account. Every trade happens directly between two parties locked into a 2-of-3 multisig escrow. SEPA, Revolut, cash by mail and dozens of other payment methods supported. Rated 100% Privacy / 95% Trust on kycnot.me.","wix:image://v1/b69407_c25627beac8f43f99744649611c48eac~mv2.png/bisq%20spend%20cryptodroply.png#originWidth=765&originHeight=842","<p class=""font_8"">Bisq is the local market of Bitcoin: buyer and seller meet directly, no intermediary can block them, freeze funds or hand data to authorities. If every crypto exchange on earth disappeared tomorrow, Bisq would still run — because it runs on its users' computers, not on a server.</p>
<p class=""font_8"">The security model is the key: both parties deposit a BTC bond into multisig before trading. Cheat and you lose the bond. No identity needed — the bond is the guarantee.</p>","<ol class=""font_8"">
  <li><p class=""font_8"">Download Bisq from bisq.network — the app runs as a P2P node.</p></li>
  <li><p class=""font_8"">Deposit a small BTC amount as a security bond into the internal wallet.</p></li>
  <li><p class=""font_8"">Browse offers or create your own — specify payment method and price.</p></li>
  <li><p class=""font_8"">BTC locks into 2-of-3 multisig during fiat payment window.</p></li>
  <li><p class=""font_8"">Seller releases BTC once fiat payment is confirmed.</p></li>
  <li><p class=""font_8"">Dispute resolution via community mediators if needed — no central authority.</p></li>
</ol>","<ul class=""font_8"">
  <li><p class=""font_8"">For any BTC purchase where KYC is a dealbreaker.</p></li>
  <li><p class=""font_8"">For medium-to-large amounts where ATM fees would be prohibitive.</p></li>
  <li><p class=""font_8"">When you want the highest trust-minimized P2P exchange available.</p></li>
</ul>
<p class=""font_8"">⚠️ Bisq requires BTC to start — get a small amount from an ATM first to cover the bond.</p>","1k","https://bisq.network","https://www.youtube.com/watch?v=GDdU75zdsaY&t=7s","<p class=""font_8"">Video created by <u>Shax Media</u></p>","Bisq Tutorial - How To Buy & Sell Bitcoin On Bisq",2026-03-05T19:14:09Z,,"PUBLISHED"
"Cake Pay","/privacy-buy-sell/cake-pay","15",2026-03-06T22:10:34Z,2026-03-29T22:58:38Z,"b6940792-8897-44e1-9353-172086fbb219","Gift cards for 50,000+ brands, with XMR or BTC","wix:image://v1/b69407_007bca7cf7b0489fa3dd705afee7ba1b~mv2.png/cake%20pay%20cryptodroply.png#originWidth=166&originHeight=163","pc, android, ios","🌱Started","Spend No-KYC","Spend XMR directly.","Monero or Bitcoin wallet","❌","Monero, Bitcoin","wix:image://v1/b69407_fa1ab0bc0e9443108c1751a21c7fc3bc~mv2.png/3.png#originWidth=500&originHeight=500","Cake Pay (by Cake Wallet) sells gift cards for over 50,000 brands globally, with Monero (XMR) as the primary payment option alongside Bitcoin and Lightning. It's the most important real-world spending tool for Monero users — converting XMR directly into purchasing power at major retailers without going through any exchange or fiat conversion.","wix:image://v1/b69407_a21a0c4700054668a8390dcf2e5dcc14~mv2.png/cake%20pay%20spend%20cryptodroply.png#originWidth=563&originHeight=646","<p class=""font_8"">Cake Pay is the spending layer for Monero. You acquired XMR for privacy — now what? You need to spend it somewhere. Cake Pay lets you buy gift cards for 50,000+ brands with XMR directly: grocery stores, electronics, hotels, flights, streaming services. Your Monero becomes real-world purchasing power without ever touching a bank, an exchange or a KYC process.</p>
<p class=""font_8"">The breadth of 50,000+ brands includes international retailers rarely covered by competitors. For Monero holders, this is the most practical tool for making XMR useful in daily life.</p>","<ol class=""font_8"">
  <li><p class=""font_8"">Download Cake Wallet (which includes Cake Pay) or go to cakepay.com.</p></li>
  <li><p class=""font_8"">Browse the brand catalog — filter by category or country.</p></li>
  <li><p class=""font_8"">Select denomination and pay with XMR or BTC.</p></li>
  <li><p class=""font_8"">Receive the gift card code instantly.</p></li>
  <li><p class=""font_8"">Use in-store or online at the retailer.</p></li>
</ol>","<ul class=""font_8"">
  <li><p class=""font_8"">As the primary spending tool for Monero — broadest brand coverage for XMR payments.</p></li>
  <li><p class=""font_8"">For travel: hotel and airline gift cards purchasable with XMR.</p></li>
  <li><p class=""font_8"">To close the loop on a full privacy cycle: no-KYC buy → XMR → Cake Pay spend.</p></li>
</ul>","14","https://cakepay.com","https://www.youtube.com/watch?v=O77U0IGgpYQ","<p class=""font_8"">Video created by&nbsp;<a href=""https://www.youtube.com/@monericaproject""><u>Monerica</u></a></p>","Cake Pay XMR Prepaid Mastercard Review — US Virtual Card, Apple Wallet Ready (How-To + Terms)",2026-03-06T22:10:34Z,,"PUBLISHED"
"RoboSats","/privacy-buy-sell/robosats","2",2026-03-05T19:14:09Z,2026-03-29T23:04:17Z,"b6940792-8897-44e1-9353-172086fbb219","P2P Lightning exchange with robot identities","wix:image://v1/b69407_c091fd344d0f4b39b10d6dffdfd819f5~mv2.jpg/robosats%20cryptodroply.jpg#originWidth=640&originHeight=640","pc, android","💡Medium","Buy No-KYC","Save robot token.","Lightning Wallet","❌","Bitcoin (Lightning)","wix:image://v1/b69407_e736e82291c94113a113a5876226a4c3~mv2.png/2.png#originWidth=500&originHeight=500","RoboSats is a P2P Bitcoin exchange built on Lightning Network. Each user is a randomly generated robot — no registration, no email, no trace. Trades settle on Lightning in minutes instead of Bisq's hours. Federated architecture means multiple operators run independent instances — if one is blocked, others keep running. Rated 99% Privacy / 97% Trust on kycnot.me.","wix:image://v1/b69407_4484fc225a774d9db7226e76bb3f6758~mv2.png/robosats%20spend%20cryptodroply.png#originWidth=690&originHeight=762","<p class=""font_8"">RoboSats solved Bisq's main friction: speed. Where Bisq uses on-chain Bitcoin and can take hours, RoboSats settles on Lightning in minutes. Your identity is a robot generated locally from a random token — no server has ever seen your real credentials.</p>
<p class=""font_8"">The federated model is the resilience layer: no single RoboSats instance can be shut down permanently because any operator can run a new one. This is what decentralization actually looks like in practice.</p>","<ol class=""font_8"">
  <li><p class=""font_8"">Go to robosats.com or use the .onion address via Tor, or the Android app.</p></li>
  <li><p class=""font_8"">A robot is automatically generated — save the recovery token, it's your only access key.</p></li>
  <li><p class=""font_8"">Browse or post an offer — specify amount, price and fiat payment method.</p></li>
  <li><p class=""font_8"">Bond locks via Lightning invoice — forfeit if you abandon the trade.</p></li>
  <li><p class=""font_8"">After fiat payment, satoshis arrive instantly in your Lightning wallet.</p></li>
</ol>","<ul class=""font_8"">
  <li><p class=""font_8"">For fast no-KYC purchases under 0.01 BTC — Lightning speed is the advantage.</p></li>
  <li><p class=""font_8"">When Bisq's hours-long wait is too slow for your situation.</p></li>
  <li><p class=""font_8"">As your first no-KYC exchange — simpler UX than Bisq.</p></li>
</ul>
<p class=""font_8"">Best used via Tor Browser for maximum anonymity — the .onion address is the correct entry point.</p>","1o","https://learn.robosats.org","https://www.youtube.com/watch?v=XW_wzRz_BDI","<p class=""font_8"">Video created by <a href=""https://www.youtube.com/@BTCSessions""><u>BTC Sessions</u></a></p>","ROBOSATS - Acquista e vendi Bitcoin senza ID",2026-03-05T19:14:09Z,,"PUBLISHED"
"Peach Bitcoin","/privacy-buy-sell/peach-bitcoin","3",2026-03-05T19:14:09Z,2026-04-28T10:24:33Z,"b6940792-8897-44e1-9353-172086fbb219","Mobile P2P app for BTC in Europe ","wix:image://v1/b69407_5144664dbe774dbdb0ba514dc9745488~mv2.jpg/peach%20cryptodroply.jpg#originWidth=400&originHeight=400","android, ios","🌱Started","Buy No-KYC","Start small.","None","✅","Bitcoin","wix:image://v1/b69407_fa1ab0bc0e9443108c1751a21c7fc3bc~mv2.png/3.png#originWidth=500&originHeight=500","Peach Bitcoin is a Swiss mobile P2P app focused on the European market. No account required. Accepts SEPA transfers, Revolut, Satispay and other common European payment methods. Multisig escrow protects both parties. The most accessible no-KYC entry point for Italian and EU users who want to buy Bitcoin from their phone without installing desktop software.","wix:image://v1/b69407_f6373fd842764e53be5f8f1506c4bc10~mv2.png/peach%20spend%20cryptodroply.png#originWidth=445&originHeight=611","<p class=""font_8"">Peach is the mobile-first no-KYC option built for Europe. If Bisq is the advanced desktop tool, Peach is the app that feels familiar — swipe through offers, choose a payment method you already use, complete the trade. The security model is the same multisig escrow underneath.</p>
<p class=""font_8"">It works more like a dating app than an exchange: offers are matched by location and payment preference, not displayed as a public order book. Simple by design.</p>","<ol class=""font_8"">
  <li><p class=""font_8"">Download Peach Bitcoin from the app store.</p></li>
  <li><p class=""font_8"">No registration required — the app generates a key pair locally.</p></li>
  <li><p class=""font_8"">Choose your preferred payment method (SEPA, Revolut, Satispay, cash).</p></li>
  <li><p class=""font_8"">Browse offers matched to your location and payment preference.</p></li>
  <li><p class=""font_8"">BTC goes into Peach escrow — released when payment is confirmed.</p></li>
  <li><p class=""font_8"">Withdraw directly to your self-custody wallet.</p></li>
</ol>","<ul class=""font_8"">
  <li><p class=""font_8"">As the first no-KYC purchase for Italian/EU users — the payment methods are the ones you already use.</p></li>
  <li><p class=""font_8"">When you want mobile-only without installing Bisq's desktop client.</p></li>
  <li><p class=""font_8"">For small-to-medium amounts with familiar fiat payment rails.</p></li>
</ul>","18","https://peachbitcoin.com/it/referral?code=PR0004CL","https://www.youtube.com/watch?v=VQVMtw8_ngg","<p class=""font_8"">Video created by <a href=""https://www.youtube.com/@debankdave""><u>Debank Dave</u></a></p>","Review of Peach Bitcoin P2P Exchange: Don't Bother",2026-03-05T19:14:09Z,,"PUBLISHED"
"HodlHodl","/privacy-buy-sell/hodlhodl","4",2026-03-05T19:14:09Z,2026-03-29T23:15:04Z,"b6940792-8897-44e1-9353-172086fbb219","Global P2P exchange non-custodial multisig","wix:image://v1/b69407_25bea909123b49b68f39c940c5288cba~mv2.jpg/hodl%20hodl%20spend%20cryptodroply.jpg#originWidth=400&originHeight=400","pc","💡Medium","Buy No-KYC","Try P2P lending.","None","❌","Bitcoin","wix:image://v1/b69407_fa1ab0bc0e9443108c1751a21c7fc3bc~mv2.png/3.png#originWidth=500&originHeight=500","HodlHodl is a non-custodial P2P exchange active since 2016, based in Latvia. It never holds user funds — trades happen through auto-generated 2-of-3 multisig escrow between the two parties. Web-based, no software to install. Also offers P2P lending: use Bitcoin as collateral to borrow stablecoins without selling or showing documents to any bank.","wix:image://v1/b69407_dc316fff6da64841968baad8cdc02a14~mv2.png/hodl%20hodl%20cryptodroply.png#originWidth=622&originHeight=787","<p class=""font_8"">HodlHodl is the veteran — been running since 2016 when most other no-KYC options didn't exist. Web-based means no installation: create an account with just an email (optional), find an offer, trade. The lending side is its unique contribution to the space: BTC as collateral for USDT without KYC, without a bank, without selling your stack.</p>
<p class=""font_8"">The reputational system built over 9 years of operation makes it one of the most trustworthy P2P options for larger amounts.</p>","<ol class=""font_8"">
  <li><p class=""font_8"">Go to hodlhodl.com — register with optional email.</p></li>
  <li><p class=""font_8"">Browse offers or create your own with any agreed payment method.</p></li>
  <li><p class=""font_8"">An auto-generated multisig escrow locks BTC during fiat payment.</p></li>
  <li><p class=""font_8"">For lending: deposit BTC as collateral, receive USDT, repay to reclaim BTC.</p></li>
  <li><p class=""font_8"">Reputation score (completed trades) increases offer visibility and trust.</p></li>
</ol>","<ul class=""font_8"">
  <li><p class=""font_8"">For no-KYC purchases via web without desktop software.</p></li>
  <li><p class=""font_8"">For P2P BTC-collateral lending — borrow stablecoins without selling Bitcoin.</p></li>
  <li><p class=""font_8"">For international trades with payment methods not on Bisq or Peach.</p></li>
</ul>","2","https://hodlhodl.com/join/ZJGD","https://www.youtube.com/watch?v=epLslPQC-EA","<p class=""font_8"">Video created by <a href=""https://www.youtube.com/@BTCSessions""><u>BTC Sessions</u></a></p>","HODLHODL: How To Buy Bitcoin Without ID In 2025!",2026-03-05T19:14:09Z,,"PUBLISHED"
"Bittr","/privacy-buy-sell/bittr","cea71064-7135-4689-a829-c451a7395ce4",2026-03-10T22:00:45Z,2026-04-28T10:24:27Z,"b6940792-8897-44e1-9353-172086fbb219","Buy BTC, no KYC up to €900/day","wix:image://v1/b69407_2a802341e4f7400c82e8950f5fee0570~mv2.jpg/bittr%20cryptodroply.jpg#originWidth=400&originHeight=400","pc","🌱Started","Buy No-KYC","Virtual card, no KYC.","Email + IBAN + BTC wallet address",,"Bitcoin","wix:image://v1/b69407_e736e82291c94113a113a5876226a4c3~mv2.png/2.png#originWidth=500&originHeight=500","Bittr (getbittr.com) is a Swiss Bitcoin-only service that lets you buy BTC via SEPA bank transfer with no KYC required for amounts up to €900/day (CHF 1,000). You register with just an email, your IBAN and a Bitcoin wallet address. Send a bank transfer, and Bittr converts it to BTC and sends it directly to your wallet — no exchange account, no custodial holding, no account login. Fee: 1.5% flat (+ €1 for amounts under €100). Supports recurring transfers for automated DCA. Regulated in Switzerland by VQF. Transactions batch every 4 hours to minimize on-chain fees.","wix:image://v1/b69407_298af8edaae84779879f6114e34d7245~mv2.png/bittr%20cryptodroply.png#originWidth=851&originHeight=808","<p class=""font_8"">Bittr is the Swiss bank transfer that arrives in Bitcoin. You set up a standing order in your online banking — weekly, monthly, or whenever you want — and every time the transfer lands at Bittr, BTC appears in your wallet automatically. No exchange account to log into. No dashboard to monitor. No exchange that holds your coins. Just a bank transfer that turns into self-custody Bitcoin.</p>
<p class=""font_8"">The Swiss VQF regulation is a meaningful signal: Bittr operates under a real legal framework, not from an anonymous island jurisdiction. Light-KYC means they know your IBAN and email — not your passport, not your face, not your home address. For daily amounts under €900, that's the full extent of the relationship.</p>","<ol class=""font_8"">
  <li><p class=""font_8"">Go to getbittr.com and register with your email, IBAN and Bitcoin wallet address.</p></li>
  <li><p class=""font_8"">Bittr sends you a unique reference code and their bank details.</p></li>
  <li><p class=""font_8"">In your online banking, set up a single or recurring SEPA transfer using that reference.</p></li>
  <li><p class=""font_8"">When Bittr receives the transfer, BTC is sent directly to your wallet — no login needed.</p></li>
  <li><p class=""font_8"">Transactions batch every 4 hours to minimize on-chain fees.</p></li>
  <li><p class=""font_8"">You receive an email notification every time BTC arrives in your wallet.</p></li>
</ol>
<p class=""font_8"">⚠️ No Lightning Network support — BTC is sent on-chain only. Don't send EUR to the CHF account or vice versa — transfers in the wrong currency are rejected with additional bank fees.</p>","<ul class=""font_8"">
  <li><p class=""font_8"">For automated no-KYC DCA (Dollar Cost Averaging) — set it once from your bank and forget it.</p></li>
  <li><p class=""font_8"">When you want BTC delivered directly to cold storage without touching any exchange.</p></li>
  <li><p class=""font_8"">For EU users who prefer SEPA bank transfer over P2P platforms — familiar, fast, clean.</p></li>
  <li><p class=""font_8"">For amounts under €900/day where the light-KYC threshold is not exceeded.</p></li>
</ul>
<p class=""font_8"">Bittr is the easiest no-KYC Bitcoin buying method for European users with a bank account — no app to install, no exchange to trust with custody, no dashboard to check.</p>","1","https://getbittr.com","https://www.youtube.com/watch?v=Xg6M4Z1mVQw","<p class=""font_8"">Video created by <a href=""https://www.youtube.com/@getbittr""><u>GetBittr</u></a></p>","Beginner Guide: How to buy Bitcoin into BlueWallet",,,"PUBLISHED"
