"Title","Spending Tools (Item)","PRO Spending Tools (Item)","Description","Logo","Type","ID","Created Date","Updated Date","Owner","Crypto","KYC","TIP","Cashback","Service fee","dapp","browser","Mobile","PC","Star Rate","Full description","IMG Articolo","Cos'è","Come funziona","quando usarlo","Manual sort","reflink","video1","created1","titolo1","Publish Date","Unpublish Date","Status"
"Pacaso","/spending-tools/pacaso","/pro-spending-tools/pacaso","<p class=""font_8"">Fraction of a luxury home through co-ownership model.</p>","wix:image://v1/b69407_e31f389cf73b4c56b11e00f6f1988eb9~mv2.jpg/pacaso%20estate%20%20cryptodroply.jpg#originWidth=400&originHeight=400","Real Estate","427a4878-65b3-4c00-8e0d-09c53b3af6ea",2026-02-16T20:40:07Z,2026-03-28T12:37:26Z,"b6940792-8897-44e1-9353-172086fbb219","Multi","KYC","Fractional 
ownership","No","Yes","No","Yes","Yes","No","wix:image://v1/b69407_fa1ab0bc0e9443108c1751a21c7fc3bc~mv2.png/3.png#originWidth=500&originHeight=500","Pacaso enables buyers to purchase a proportional share of a luxury property, allowing fractional home ownership instead of full acquisition.","wix:image://v1/b69407_71e903ba85044689a60aabeec60666ba~mv2.png/pacaso%20%20cryptodroply.png#originWidth=737&originHeight=782","<p class=""font_8"">Pacaso is a real estate platform that allows individuals to purchase a share (fraction) of a luxury second home rather than buying the entire property.</p>
<p class=""font_8"">Instead of owning 100% of a home, buyers typically purchase:</p>
<ul class=""font_8"">
  <li><p class=""font_8"">1/8 share</p></li>
  <li><p class=""font_8"">1/4 share</p></li>
  <li><p class=""font_8"">Or other proportional ownership</p></li>
</ul>
<p class=""font_8"">Each owner holds a legally structured share in an LLC that owns the property.</p>
<p class=""font_8"">In some cases, crypto payments may be accepted depending on jurisdiction and transaction structure, but settlement typically follows regulated real estate processes.</p>
<p class=""font_8"">Pacaso manages:</p>
<ul class=""font_8"">
  <li><p class=""font_8"">Scheduling</p></li>
  <li><p class=""font_8"">Maintenance</p></li>
  <li><p class=""font_8"">Property management</p></li>
  <li><p class=""font_8"">Legal structuring</p></li>
</ul>
<p class=""font_8"">This makes it different from traditional crypto real estate marketplaces.</p>","<ol class=""font_8"">
  <li><p class=""font_8"">Browse available properties</p></li>
  <li><p class=""font_8"">Choose ownership fraction</p></li>
  <li><p class=""font_8"">Complete identity verification</p></li>
  <li><p class=""font_8"">Finalize legal purchase of ownership share</p></li>
  <li><p class=""font_8"">Use property according to scheduling system</p></li>
</ol>
<p class=""font_8"">Pacaso handles management, taxes, and operational coordination.</p>
<p class=""font_8"">Crypto acceptance, when available, typically involves conversion during settlement.</p>","<p class=""font_8"">Use Pacaso when you:</p>
<ul class=""font_8"">
  <li><p class=""font_8"">Want access to luxury property without full capital commitment</p></li>
  <li><p class=""font_8"">Prefer fractional real estate exposure</p></li>
  <li><p class=""font_8"">Seek managed co-ownership</p></li>
  <li><p class=""font_8"">Want structured legal clarity</p></li>
</ul>
<p class=""font_8"">Not ideal if you:</p>
<ul class=""font_8"">
  <li><p class=""font_8"">Want full private ownership</p></li>
  <li><p class=""font_8"">Avoid KYC</p></li>
  <li><p class=""font_8"">Expect fully on-chain property settlement</p></li>
  <li><p class=""font_8"">Want anonymous transactions</p></li>
</ul>","4","https://www.pacaso.com","https://www.youtube.com/watch?v=TYpvGpTaUUo","<p class=""font_8"">Video created by <a href=""https://www.youtube.com/@PacasoHomes""><u>Pacaso Homes</u></a></p>","Pacaso: What it is and how it works",2026-02-16T17:54:48Z,,"PUBLISHED"
"CryptoRefills","/spending-tools/cryptorefills","/pro-spending-tools/cryptorefills","<p class=""font_8"">Buy gift cards and mobile refills using crypto.</p>","wix:image://v1/b69407_eed4c1710f644e48853e22b6db137a14~mv2.jpg/cryptorefills%20giftcard%20%20cryptodroply.jpg#originWidth=1080&originHeight=1080","Gift Cards","8fcaf35e-13d3-4804-a5ab-53c526f877d2",2026-02-16T18:06:19Z,2026-03-28T12:27:14Z,"b6940792-8897-44e1-9353-172086fbb219","Multi","No KYC","Global 
vouchers","No","Spread","Yes","Yes","Yes","No","wix:image://v1/b69407_e736e82291c94113a113a5876226a4c3~mv2.png/2.png#originWidth=500&originHeight=500","CryptoRefills allows users to spend crypto on gift cards and prepaid services across multiple countries without using a bank or debit card.","wix:image://v1/b69407_146356e6e5be4a87ba46ee6d28554c5f~mv2.png/cryptorefills%20%20cryptodroply.png#originWidth=872&originHeight=751","<p class=""font_8"">CryptoRefills is a cryptocurrency-based digital voucher platform that enables users to spend crypto on real-world services without needing a debit card or bank integration.</p>
<p class=""font_8"">The platform supports hundreds of international brands across categories such as:</p>
<ul class=""font_8"">
  <li><p class=""font_8"">Retail</p></li>
  <li><p class=""font_8"">Gaming</p></li>
  <li><p class=""font_8"">Streaming services</p></li>
  <li><p class=""font_8"">Mobile operators</p></li>
  <li><p class=""font_8"">Prepaid services</p></li>
</ul>
<p class=""font_8"">Payments are processed instantly, and vouchers are delivered digitally within seconds.</p>
<p class=""font_8"">It is widely used by crypto users who want:</p>
<ul class=""font_8"">
  <li><p class=""font_8"">Fast off-ramp alternative</p></li>
  <li><p class=""font_8"">No-KYC spending</p></li>
  <li><p class=""font_8"">International purchasing flexibility</p></li>
</ul>","<ol class=""font_8"">
  <li><p class=""font_8"">Select a brand or service</p></li>
  <li><p class=""font_8"">Choose voucher amount</p></li>
  <li><p class=""font_8"">Pay using supported cryptocurrency</p></li>
  <li><p class=""font_8"">Receive the digital code instantly</p></li>
</ol>
<p class=""font_8"">Most purchases do not require account creation or KYC.</p>
<p class=""font_8"">Crypto is converted at checkout and the voucher value reflects current market pricing including spread.</p>","<p class=""font_8"">Use CryptoRefills when you:</p>
<ul class=""font_8"">
  <li><p class=""font_8"">Want to spend crypto without a debit card</p></li>
  <li><p class=""font_8"">Prefer no-KYC digital purchases</p></li>
  <li><p class=""font_8"">Need international brand access</p></li>
  <li><p class=""font_8"">Want fast settlement</p></li>
</ul>
<p class=""font_8"">Not ideal if you:</p>
<ul class=""font_8"">
  <li><p class=""font_8"">Want direct merchant payments</p></li>
  <li><p class=""font_8"">Need fiat withdrawal</p></li>
  <li><p class=""font_8"">Want cashback rewards</p></li>
</ul>","3","https://www.cryptorefills.com","https://www.youtube.com/watch?v=VNsne6TCCKg","<p class=""font_8"">Video created by <a href=""https://www.youtube.com/@cryptorefills1640""><u>Cryptorefills</u></a></p>","Purchasing gift card with crypto in less than 1 minute",2026-02-16T17:54:48Z,,"PUBLISHED"
"BTCMap","/spending-tools/btcmap","/pro-spending-tools/btcmap","<p class=""font_8"">Discover physical stores that accept Bitcoin</p>","wix:image://v1/b69407_8622d0afd3de45349deb38e9f724625b~mv2.jpg/btcmap%20spending%20%20cryptodroply.jpg#originWidth=354&originHeight=354","Merchant Map","a44535b8-eb4b-4aab-8924-0ce846731654",2026-02-16T18:30:33Z,2026-03-28T12:52:35Z,"b6940792-8897-44e1-9353-172086fbb219","BTC+","No KYC","Map
Store","No","No","No","Yes","Yes","No","wix:image://v1/b69407_fa1ab0bc0e9443108c1751a21c7fc3bc~mv2.png/3.png#originWidth=500&originHeight=500","BTCMap is an open, community-driven directory that helps users locate real-world businesses accepting Bitcoin, especially via the Lightning Network.","wix:image://v1/b69407_0dc2709b7067488c8b023d0ee749f510~mv2.png/btcmap%20%20cryptodroply.png#originWidth=663&originHeight=838","<p class=""font_8"">BTCMap is an open-source merchant discovery platform built for Bitcoin users. It provides a global map of businesses that accept Bitcoin payments, both on-chain and via Lightning Network.</p>
<p class=""font_8"">Unlike crypto marketplaces or custodial services, BTCMap does not process payments, hold funds, or require accounts. It simply connects users with merchants that accept BTC.</p>
<p class=""font_8"">The platform is community-maintained, meaning businesses can be added and verified by users.</p>
<p class=""font_8"">It is particularly strong for:</p>
<ul class=""font_8"">
  <li><p class=""font_8"">Lightning Network adoption</p></li>
  <li><p class=""font_8"">Bitcoin circular economies</p></li>
  <li><p class=""font_8"">Crypto-native travelers</p></li>
  <li><p class=""font_8"">Privacy-focused users</p></li>
</ul>
<p class=""font_8"">BTCMap supports mobile browsing and location-based search, making it useful when traveling or exploring local BTC adoption.</p>","<ol class=""font_8"">
  <li><p class=""font_8"">Open BTCMap in browser</p></li>
  <li><p class=""font_8"">Allow location access or search manually</p></li>
  <li><p class=""font_8"">View nearby merchants accepting BTC</p></li>
  <li><p class=""font_8"">Pay directly using your own wallet</p></li>
</ol>
<p class=""font_8"">Payment methods typically include:</p>
<ul class=""font_8"">
  <li><p class=""font_8"">On-chain Bitcoin</p></li>
  <li><p class=""font_8"">Lightning Network</p></li>
</ul>
<p class=""font_8"">BTCMap itself does not handle the transaction.</p>","<p class=""font_8"">Use BTCMap when you:</p>
<ul class=""font_8"">
  <li><p class=""font_8"">Travel and want to pay with BTC</p></li>
  <li><p class=""font_8"">Use Lightning frequently</p></li>
  <li><p class=""font_8"">Support Bitcoin adoption</p></li>
  <li><p class=""font_8"">Prefer direct wallet payments</p></li>
</ul>
<p class=""font_8"">Not ideal if you:</p>
<ul class=""font_8"">
  <li><p class=""font_8"">Want digital vouchers</p></li>
  <li><p class=""font_8"">Need fiat conversion</p></li>
  <li><p class=""font_8"">Want online-only spending tools</p></li>
</ul>","g","https://btcmap.org","https://www.youtube.com/watch?v=k6yTYw97dJU","<p class=""font_8"">Video created by&nbsp;<a href=""https://www.youtube.com/@Bitcoinplett""><u>Bitcoinplett</u></a></p>","How to add a business the the BTC Map using open maps.",2026-02-16T17:54:48Z,,"PUBLISHED"
"Travala","/spending-tools/travala","/pro-spending-tools/travala","<p class=""font_8"">Book hotels and flights using crypto</p>","wix:image://v1/b69407_851a980527df42ce9fc7eff76d287ab6~mv2.jpg/travala%20trip%20%20cryptodroply.jpg#originWidth=400&originHeight=400","Booking","c453d6b9-da14-41e9-a5b1-3a1020ede5f0",2026-02-16T18:39:09Z,2026-03-28T12:47:42Z,"b6940792-8897-44e1-9353-172086fbb219","Multi","Light KYC","Travel Booking
Crypto travel","Yes (AVA)","Yes","Yes","Yes","Yes","No","wix:image://v1/b69407_fa1ab0bc0e9443108c1751a21c7fc3bc~mv2.png/3.png#originWidth=500&originHeight=500","Travala is a crypto-friendly travel booking platform that allows users to pay for hotels, flights and travel services using digital assets, while accessing global travel inventory through major industry partners.","wix:image://v1/b69407_4afc87f69028419580288ccdea9a3d89~mv2.png/travala%20%20cryptodroply.png#originWidth=1061&originHeight=802","<p class=""font_8"">Travala is a global travel booking platform that integrates cryptocurrency payments into traditional travel infrastructure.</p>
<p class=""font_8"">It provides access to:</p>
<ul class=""font_8"">
  <li><p class=""font_8"">Hotels</p></li>
  <li><p class=""font_8"">Flights</p></li>
  <li><p class=""font_8"">Travel packages</p></li>
  <li><p class=""font_8"">Activities</p></li>
</ul>
<p class=""font_8"">Travala aggregates inventory through established travel supply networks (similar to traditional booking platforms), allowing users to book mainstream accommodations while paying with crypto.</p>
<p class=""font_8"">The platform supports a wide range of cryptocurrencies, including BTC, ETH, stablecoins and other major digital assets.</p>
<p class=""font_8"">It also offers a loyalty program powered by the AVA token.</p>","<ol class=""font_8"">
  <li><p class=""font_8"">Create account</p></li>
  <li><p class=""font_8"">Search destination</p></li>
  <li><p class=""font_8"">Select hotel or flight</p></li>
  <li><p class=""font_8"">Choose payment method (crypto or fiat)</p></li>
  <li><p class=""font_8"">Confirm booking</p></li>
</ol>
<p class=""font_8"">Crypto is converted at checkout and the merchant receives fiat settlement via Travala’s payment infrastructure.</p>
<p class=""font_8"">The loyalty system may reward users with AVA tokens depending on tier.</p>","<p class=""font_8"">Use Travala when you:</p>
<ul class=""font_8"">
  <li><p class=""font_8"">Want to book travel using crypto</p></li>
  <li><p class=""font_8"">Prefer mainstream hotel inventory</p></li>
  <li><p class=""font_8"">Travel internationally</p></li>
  <li><p class=""font_8"">Want loyalty rewards in crypto</p></li>
</ul>
<p class=""font_8"">Not ideal if you:</p>
<ul class=""font_8"">
  <li><p class=""font_8"">Want fully non-custodial payments</p></li>
  <li><p class=""font_8"">Avoid account creation</p></li>
  <li><p class=""font_8"">Need direct merchant settlement</p></li>
</ul>","8","https://www.travala.com/ref/NNJ5N3","https://www.youtube.com/watch?v=mPQBK3PNz0I","<p class=""font_8"">Vieo created by&nbsp;<a href=""https://www.youtube.com/@daily9378""><u>Daily Earning</u></a></p>","travala.com review|how to book hotel with crypto| travel with cryptocurrency| flight book by crypto",2026-02-16T17:54:48Z,,"PUBLISHED"
"Courtyard","/spending-tools/courtyard","/pro-spending-tools/courtyard","<p class=""font_8"">Trade graded trading cards and collectibles as NFTs.</p>","wix:image://v1/b69407_ae73eb0223104073a2dc3bcc73814b95~mv2.jpg/courtyard%20cryptodroply.jpg#originWidth=400&originHeight=400","Collectibles","e0dbadff-9891-48bc-8612-1688e35559fe",2026-06-12T16:41:56Z,2026-06-12T16:58:35Z,"b6940792-8897-44e1-9353-172086fbb219","Multi","Light KYC","Tokenized 
collectibles","No","Yes","Yes","Yes","Yes","Yes","wix:image://v1/b69407_fa1ab0bc0e9443108c1751a21c7fc3bc~mv2.png/3.png#originWidth=500&originHeight=500","Courtyard is a marketplace and tokenization platform that lets users own and trade physical collectibles, primarily graded trading cards, as NFTs on the blockchain.","wix:image://v1/b69407_ac75e2543516446abd648e1e4415e06d~mv2.png/courtyard%20card%20cryptodroply.png#originWidth=492&originHeight=611","<p class=""font_8"">Courtyard.io is a marketplace and tokenization service built on the Polygon network that allows collectors to turn physical collectibles, mainly graded trading cards such as Pokemon, sports, and gaming cards, into NFTs called Connected Collectibles.</p>
<p class=""font_8"">Each physical item is verified, stored securely in a Brink's vault, and represented onchain by a digital twin that can be bought, sold, or redeemed.</p>
<p class=""font_8"">Courtyard works for users who:</p>
<ul class=""font_8"">
  <li><p class=""font_8"">Want exposure to physical collectibles without storage or shipping hassles</p></li>
  <li><p class=""font_8"">Prefer instant, global liquidity for trading cards</p></li>
  <li><p class=""font_8"">Like the idea of provenance and ownership history recorded onchain</p></li>
  <li><p class=""font_8"">Are curious about real world assets (RWA) tokenization</p></li>
</ul>
<p class=""font_8"">Sellers also earn a 1% royalty every time their vaulted item is resold.</p>","<ol class=""font_8"">
  <li><p class=""font_8"">Signup, Set up a crypto wallet compatible with Polygon</p></li>
  <li><p class=""font_8"">Browse the marketplace or open digital packs to reveal cards</p></li>
  <li><p class=""font_8"">Buy a Connected Collectible using crypto or a card payment</p></li>
  <li><p class=""font_8"">The physical item stays insured and stored in a Brink's vault</p></li>
  <li><p class=""font_8"">Trade the NFT anytime, or request physical redemption and shipping of the item</p></li>
</ol>
<p class=""font_8"">All ownership transfers and trade history are recorded onchain, giving full transparency on provenance.</p>","<p class=""font_8"">Use Courtyard when you:</p>
<ul class=""font_8"">
  <li><p class=""font_8"">Collect or trade graded cards and want instant liquidity</p></li>
  <li><p class=""font_8"">Want to avoid shipping risk and storage costs</p></li>
  <li><p class=""font_8"">Are interested in tokenized real world assets</p></li>
  <li><p class=""font_8"">Want passive royalties on resold items</p></li>
</ul>
<p class=""font_8"">Not ideal if you:</p>
<ul class=""font_8"">
  <li><p class=""font_8"">Want to physically hold your collectibles at all times</p></li>
  <li><p class=""font_8"">Avoid platforms with custodial vaulting</p></li>
  <li><p class=""font_8"">Are not interested in trading cards or graded collectibles</p></li>
</ul>","g","https://courtyard.io/invite/367YQX","https://www.youtube.com/watch?v=NjaNY7rKaTU","<p class=""font_8"">Video created by&nbsp;<a href=""https://www.youtube.com/@100charizards""><strong>100 Charizards</strong></a></p>","How to use Courtyard (Opening Pokemon Cards)",2026-06-12T16:40:50Z,,"PUBLISHED"
"CryptoRealEstate","/spending-tools/cryptorealestate","/pro-spending-tools/cryptorealestate","<p class=""font_8"">Buy and sell real estate using crypto.</p>","wix:image://v1/b69407_9c8c8fae426740eb8fe25d3b6147663f~mv2.jpeg/crypto%20estate%20cryptodroply.jpeg#originWidth=200&originHeight=200","Real Estate","e63d2020-cc0c-4d87-8c48-99869db8a4ea",2026-02-16T19:20:08Z,2026-03-28T12:42:25Z,"b6940792-8897-44e1-9353-172086fbb219","Multi","KYC","Buy House
With crypto","No","Yes","No","Yes","No","No","wix:image://v1/b69407_ee96c2779c5944babf594e03ede2362f~mv2.png/4.png#originWidth=500&originHeight=500","CryptoRealEstate.cc is a global property listing platform connecting buyers and sellers interested in completing real estate transactions using cryptocurrency.","wix:image://v1/b69407_81a7a38de305437894452fc878aa3987~mv2.png/crypto%20real%20estate%20cryptodroply.png#originWidth=790&originHeight=743","<p class=""font_8"">CryptoRealEstate.cc is an international property listing portal designed specifically for crypto users looking to buy or sell real estate using digital assets.</p>
<p class=""font_8"">The platform acts as a bridge between:</p>
<ul class=""font_8"">
  <li><p class=""font_8"">Crypto holders</p></li>
  <li><p class=""font_8"">Real estate agents</p></li>
  <li><p class=""font_8"">Property owners</p></li>
</ul>
<p class=""font_8"">While listings are crypto-friendly, transactions must comply with local property laws, meaning full KYC and legal documentation are required.</p>
<p class=""font_8"">Crypto may be:</p>
<ul class=""font_8"">
  <li><p class=""font_8"">Accepted directly by seller</p></li>
  <li><p class=""font_8"">Converted into fiat during escrow</p></li>
  <li><p class=""font_8"">Processed via intermediary services</p></li>
</ul>
<p class=""font_8"">It operates more as a listing and brokerage network rather than a fully automated crypto-native real estate protocol.</p>","<ol class=""font_8"">
  <li><p class=""font_8"">Browse global property listings</p></li>
  <li><p class=""font_8"">Contact seller or agent</p></li>
  <li><p class=""font_8"">Negotiate price in crypto or fiat equivalent</p></li>
  <li><p class=""font_8"">Complete legal verification and KYC</p></li>
  <li><p class=""font_8"">Finalize transaction via escrow or direct settlement</p></li>
</ol>
<p class=""font_8"">The legal transfer of ownership follows local jurisdiction requirements.</p>","<p class=""font_8"">Use CryptoRealEstate.cc when you:</p>
<ul class=""font_8"">
  <li><p class=""font_8"">Want to buy property with crypto</p></li>
  <li><p class=""font_8"">Look for international real estate options</p></li>
  <li><p class=""font_8"">Are comfortable with legal compliance</p></li>
  <li><p class=""font_8"">Need a crypto-focused property network</p></li>
</ul>
<p class=""font_8"">Not ideal if you:</p>
<ul class=""font_8"">
  <li><p class=""font_8"">Want anonymous real estate purchases</p></li>
  <li><p class=""font_8"">Avoid formal escrow and legal processes</p></li>
  <li><p class=""font_8"">Expect fully on-chain property settlement</p></li>
</ul>","6","https://cryptorealestate.cc","https://www.youtube.com/watch?v=4Cdpelf6wks","<p class=""font_8"">Video created by&nbsp;<a href=""https://www.youtube.com/@crypto-insights""><u>Crypto Insights</u></a></p>","The solicitor who made the ""first crypto real estate transaction"" possible in Portugal",2026-02-16T17:54:48Z,,"PUBLISHED"
