"Title","Trading (Item)","Description","logo","dex cex","ID","Created Date","Updated Date","Owner","type","TIP","Type","Custody","chain","Risk","Yield model","Asset","Difficulty","Star Rate","Full description","IMG Articolo","Cos'è","Come funziona","quando usarlo","Risks","reflink","video1","created1","titolo1","Manual sort","Publish Date","Unpublish Date","Status"
"Polyinit","/trading/polyinit","<p class=""font_8"">All-in-one Polymarket toolkit: market browser, trading bots, leaderboards and referrals.</p>",,"Prediction Market","6096abf6-cec8-4fe1-883a-babfc08951b3",2026-09-23T18:38:08Z,2026-09-23T18:38:08Z,"b6940792-8897-44e1-9353-172086fbb219","Trading Toolkit","Polymarket toolkit
bots + leaderboards","Market Browser - Trading Bots - Leaderboards - Referrals","Non-custodial (Polymarket/Polygon)","Polygon","High","None (trading tool)","Politics - Crypto - Sports - Macro","💡Medium",,"Polyinit is a third-party toolkit for Polymarket that combines a market browser with live prices and liquidity, automated trading bots, performance leaderboards, and a referral program, all in a single interface.",,"<p class=""font_8"">Polyinit is a third-party, all-in-one hub built around Polymarket, the prediction market platform on Polygon. Instead of one single feature, it bundles a market browser, trading bots, leaderboards and a referral program into one dashboard.</p>","<ul class=""font_8"">
  <li><p class=""font_8"">Browse Polymarket markets with live prices, volume and liquidity data.</p></li>
  <li><p class=""font_8"">Run automated trading bots on Polymarket markets.</p></li>
  <li><p class=""font_8"">Check leaderboards to identify and track top-performing traders.</p></li>
  <li><p class=""font_8"">Track your own trading performance with built-in analytics.</p></li>
  <li><p class=""font_8"">Earn through the referral program by inviting other traders.</p></li>
</ul>
<p class=""font_8"">Polyinit operates as a companion app to Polymarket via its Builder Program, rather than as an independent exchange.</p>","<p class=""font_8"">Useful for Polymarket traders who want browsing, bots, leaderboards and analytics in one place instead of assembling separate tools.</p>
<p class=""font_8"">Less suited for traders who need the deepest specialist tool in one specific area (e.g. a dedicated execution bot or a data-heavy analytics terminal), since Polyinit trades some depth for convenience.</p>","<ul class=""font_8"">
  <li><p class=""font_8"">Multi-tool hub: individual features may be shallower than dedicated specialist tools</p></li>
  <li><p class=""font_8"">Bot automation on fast or thin markets can compound losses quickly</p></li>
  <li><p class=""font_8"">Following leaderboards means inheriting other traders' drawdowns, not just their gains</p></li>
  <li><p class=""font_8"">Third-party tool: verify its custody model and any fees before committing significant funds</p></li>
</ul>","https://polyinit.com/ref/FERDONELLO4C69",,,,,2026-09-23T18:38:08Z,,"PUBLISHED"
"Cryptohopper","/trading/cryptohopper","<p class=""font_8"">Cloud-bot platform with strategy marketplace and AI signal</p>","wix:image://v1/b69407_11ba422b7918491dbeabd15598de0cb7~mv2.png/cryptohopper%20copy%20trading%20cryptodroply.png#originWidth=128&originHeight=128","CEX","85e065a4-4da3-457a-a0ee-2b67b9650d44",2026-02-28T22:15:52Z,2026-04-28T10:23:57Z,"b6940792-8897-44e1-9353-172086fbb219","Trading Bot","Cloud Bot 
AI Signals","Signal Bot
Grid Bot
DCA Bot
Automated Trading","Non Custodial","Multi","Medium","Variable APY","Altcoin - Stablecoin","🚀Advanced","wix:image://v1/b69407_fa1ab0bc0e9443108c1751a21c7fc3bc~mv2.png/3.png#originWidth=500&originHeight=500","A cloud-hosted trading bot platform connecting to major CEXs via API, offering automated trading with technical indicator signals, a strategy and template marketplace, paper trading, and backtesting tools.","wix:image://v1/b69407_699a36ce66c54bf7919dd82f88a81cc9~mv2.png/cryptohopper%20trading%20cryptodroply.png#originWidth=665&originHeight=773","<p class=""font_8"">Cryptohopper is a cloud-based platform that runs your trading bots 24/7 — even when your computer is off — by connecting to your exchange via API.</p>
<p class=""font_8"">What makes it stand out is the marketplace: you can buy ready-made strategies, signals, and templates from other traders. It's like an app store for trading bots — some strategies are free, others cost a subscription. Quality varies wildly, so due diligence is non-negotiable.</p>","<ol class=""font_8"">
  <li><p class=""font_8"">Sign up on cryptohopper.com and connect your exchange via API (trade-only permissions).</p></li>
  <li><p class=""font_8"">Build a strategy using technical indicators, or buy one from the marketplace.</p></li>
  <li><p class=""font_8"">Run a backtest on historical data to evaluate performance before going live.</p></li>
  <li><p class=""font_8"">Activate the bot — it runs in the cloud and executes trades automatically on your exchange.</p></li>
</ol>
<p class=""font_8"">Paper trading mode lets you test strategies with fake money before risking real capital.</p>","<ul class=""font_8"">
  <li><p class=""font_8"">When you want a bot that runs independently of your device being on.</p></li>
  <li><p class=""font_8"">When you want to test strategies via backtesting before deploying real funds.</p></li>
  <li><p class=""font_8"">When you want access to a marketplace of pre-built strategies.</p></li>
  <li><p class=""font_8"">When you trade across multiple exchanges and want centralized management.</p></li>
</ul>
<p class=""font_8"">Always backtest AND paper trade a strategy before going live — past performance does not guarantee future results.</p>","<ul class=""font_8"">
  <li><p class=""font_8"">Marketplace strategy risk: many sold strategies are overfitted to past data</p></li>
  <li><p class=""font_8"">API key exposure risk if platform is compromised</p></li>
  <li><p class=""font_8"">Subscription cost reduces profitability on small accounts</p></li>
  <li><p class=""font_8"">Cloud dependency: bot stops if platform has downtime</p></li>
</ul>","https://www.cryptohopper.com/?atid=40516","https://www.youtube.com/watch?v=yn5b1L97WBg","<p class=""font_8"">Video created by <u>How To Profit</u></p>","Cryptohopper Trading Bot Setup + Tutorial (2026) | Full Guide ✅","g",2026-02-28T22:15:52Z,,"PUBLISHED"
"Dextrabot","/trading/dextrabot","<p class=""font_8"">Copy trading on-chain DEX with sniping, limit orders</p>","wix:image://v1/b69407_a0ba13e72579432a81b4efd49f3f32e4~mv2.webp/dextrabot%20cryptodroply.webp#originWidth=166&originHeight=166","DEX","961e824f-31ea-4a40-84da-c142872f8f44",2026-02-28T22:15:52Z,2026-04-28T10:23:57Z,"b6940792-8897-44e1-9353-172086fbb219","Trading Bot","DEX Sniping
Copy Trading","Sniper Bot - Limit Order Bot - Copy Trading - DEX Automation","Non Custodial","Multi","High",,"Altcoin - Stablecoin","🚀Advanced","wix:image://v1/b69407_e736e82291c94113a113a5876226a4c3~mv2.png/2.png#originWidth=500&originHeight=500","A DEX trading automation tool offering token sniping, on-chain limit orders, copy trading, and anti-rug features across multiple chains including Ethereum, BSC, and Solana.","wix:image://v1/b69407_4c575e107a7340beb372762da435416b~mv2.png/dextrabot%20copy%20trading%20cryptodroply.png#originWidth=661&originHeight=742","<p class=""font_8"">Dextrabot is a bot built for DEX trading — the wild west of crypto where speed and automation are the difference between profit and getting left behind.</p>
<p class=""font_8"">Its core feature is sniping: the bot monitors new token launches and buys in the same block they go live, faster than any human could. It's like having a robot finger on the trigger at a token launch, while everyone else is still reading the announcement.</p>","<ol class=""font_8"">
  <li><p class=""font_8"">Connect your wallet to Dextrabot (non-custodial: you keep control of your keys).</p></li>
  <li><p class=""font_8"">Choose your mode: Sniper (auto-buy on new token launch), Limit Order (buy/sell at target price), or Copy Trading (mirror on-chain wallets automatically).</p></li>
  <li><p class=""font_8"">Set parameters: slippage tolerance, gas priority, anti-rug filters, max buy tax.</p></li>
  <li><p class=""font_8"">The bot monitors the blockchain and executes transactions automatically when conditions are met.</p></li>
</ol>
<p class=""font_8"">Anti-rug filters can detect honeypot contracts and block purchases of flagged tokens before execution.</p>","<ul class=""font_8"">
  <li><p class=""font_8"">When you want to participate in new token launches on DEX without being manually glued to the screen.</p></li>
  <li><p class=""font_8"">When you want on-chain limit orders that execute automatically at your target price.</p></li>
  <li><p class=""font_8"">When you want to copy the on-chain activity of known smart wallets or whale addresses.</p></li>
  <li><p class=""font_8"">When you're active in the meme coin space and need execution speed.</p></li>
</ul>
<p class=""font_8"">This is a high-speed, high-risk tool. Only use it if you understand DEX mechanics, gas fees, and token contract risks.</p>","<ul class=""font_8"">
  <li><p class=""font_8"">Sniping risk: buying into honeypots or rug pulls at launch despite filters</p></li>
  <li><p class=""font_8"">Gas war risk: in competitive launches, gas costs can exceed profits</p></li>
  <li><p class=""font_8"">Smart contract risk of the bot itself</p></li>
  <li><p class=""font_8"">Copy trading risk: the wallet you copy may intentionally front-run followers</p></li>
  <li><p class=""font_8"">High probability of total loss on sniped tokens that fail within minutes</p></li>
</ul>","https://app.dextrabot.com/referral/HYPERCOIN","https://www.youtube.com/watch?v=XqHwWW6torE","<p class=""font_8"">Video Created by&nbsp;<u>CopyTrade Hub</u></p>","Dextrabot Setup Tutorial | How to Copy Trade on Hyperliquid","3",2026-02-28T22:15:52Z,,"PUBLISHED"
"Bitget Bot","/trading/bitget-futures-bot","<p class=""font_8"">Integrated futures bot with grid and martingale strategies</p>","wix:image://v1/b69407_255a51e1fa124d6dbd3ab28211063d19~mv2.png/bitget%20exchange%20coindroply.png#originWidth=400&originHeight=400","CEX","9ce8b31f-5dd6-4075-b4d4-a2ab148c2c2e",2026-02-28T22:15:52Z,2026-04-28T10:23:57Z,"b6940792-8897-44e1-9353-172086fbb219","Trading Bot","Futures Grid
copy trading","Grid Bot - Martingale Bot Futures - Automated Trading","Custodial","Multi","High","Variable APY","Altcoin - Stablecoin","🚀Advanced","wix:image://v1/b69407_ee96c2779c5944babf594e03ede2362f~mv2.png/4.png#originWidth=500&originHeight=500","Bitget's native futures bot suite offering grid and martingale strategies for automated leveraged trading, integrated directly into the exchange with no external API required.","wix:image://v1/b69407_a538cffe555a4bcdaf6c6d2c6058c02b~mv2.png/bitget%20copy%20trading%20cryptodroply.png#originWidth=1200&originHeight=630","<p class=""font_8"">Bitget's Futures Bot automates leveraged trading strategies — mainly grid and martingale — directly on the exchange without needing external tools.</p>
<p class=""font_8"">The martingale strategy is the aggressive one: it doubles down on losing positions expecting a reversal. Like a gambler who keeps betting double after every loss — it works until it doesn't. Powerful if the market cooperates, catastrophic if it doesn't. Use with extreme caution and hard stop-losses.</p>","<ol class=""font_8"">
  <li><p class=""font_8""><b>Futures Grid:</b> Same grid logic as spot, but with leverage. Amplifies profits and losses within the range.</p></li>
  <li><p class=""font_8""><b>Martingale Bot:</b> Opens an initial position, then adds to it at set intervals if price moves against you, averaging down the entry price.</p></li>
  <li><p class=""font_8"">Set leverage, position size, take profit, and stop-loss before activating.</p></li>
  <li><p class=""font_8"">The bot runs 24/7 and closes positions automatically when targets are hit.</p></li>
</ol>
<p class=""font_8"">Always set a stop-loss on futures bots. Always.</p>","<ul class=""font_8"">
  <li><p class=""font_8"">When you have solid experience with futures trading and understand leverage mechanics.</p></li>
  <li><p class=""font_8"">When you want to automate a short-term futures strategy without manual execution.</p></li>
  <li><p class=""font_8"">When you're using the martingale only with capital you can afford to lose entirely.</p></li>
</ul>
<p class=""font_8"">This is not a tool for beginners. Futures bots with leverage can liquidate your position faster than you can react.</p>","<ul class=""font_8"">
  <li><p class=""font_8"">Liquidation risk: leverage amplifies losses and can wipe the position entirely</p></li>
  <li><p class=""font_8"">Martingale risk: in a strong trend, doubling down compounds losses exponentially</p></li>
  <li><p class=""font_8"">Custodial risk: funds held on Bitget</p></li>
  <li><p class=""font_8"">Complexity risk: misconfigured leverage parameters can cause rapid capital loss</p></li>
</ul>","https://share.bitget.com/u/KZV1B4HK","https://www.youtube.com/watch?v=rEUyOzwcdZc","<p class=""font_8"">Video created by&nbsp;<a href=""https://www.youtube.com/@MoneyZG""><u>MoneyZG</u></a></p>","Bitget Copy Trading Tutorial (Spot Copy Trading)","6",2026-02-28T22:15:52Z,,"PUBLISHED"
"Bybit Grid Bot","/trading/bybit-grid-bot","<p class=""font_8"">Grid and DCA bots integrated natively on Bybit with simple UI</p>","wix:image://v1/b69407_69d6c35d44ec459ba8362c181fc57922~mv2.jpg/bybit%20exchange%20coindroply.jpg#originWidth=400&originHeight=400","CEX","a7629c63-a1d3-4a44-8972-1a4f0400d3ff",2026-02-28T22:15:52Z,2026-04-28T10:23:57Z,"b6940792-8897-44e1-9353-172086fbb219","Trading Bot","Grid Trading
copy trading","Grid Bot - DCA Bot -Automated Trading","Custodial","Multi","Medium","Variable APY","Altcoin - Stablecoin","🌱Started","wix:image://v1/b69407_ee96c2779c5944babf594e03ede2362f~mv2.png/4.png#originWidth=500&originHeight=500","A suite of native trading bots on Bybit including grid bots for spot and futures and DCA bots for systematic accumulation, with a beginner-friendly interface and strategy marketplace.","wix:image://v1/b69407_fa777b5003df438bbce68de211c93f32~mv2.webp/trading%20bot%20bybit%20cryptodroply.webp#originWidth=1600&originHeight=900","<p class=""font_8"">Bybit offers two main integrated bots: the Grid Bot and the DCA Bot — both designed to automate trading without requiring you to be in front of a screen.</p>
<p class=""font_8"">The Grid Bot works like Binance's: buy low, sell high in a range, repeat. The DCA Bot is different — it buys a fixed amount at regular intervals regardless of price, averaging your entry cost over time. Like paying your rent in installments instead of all at once: you never know if you're catching the best price, but you avoid catching the worst.</p>","<ol class=""font_8"">
  <li><p class=""font_8""><b>Grid Bot:</b> Set price range and grid levels. Bot places layered buy/sell orders and profits from price oscillation within the range.</p></li>
  <li><p class=""font_8""><b>DCA Bot:</b> Set the asset, investment amount, and frequency (hourly, daily, weekly). Bot buys automatically at each interval regardless of price.</p></li>
  <li><p class=""font_8"">Both bots run 24/7 without manual intervention once activated.</p></li>
  <li><p class=""font_8"">Bybit also offers a strategy marketplace where you can copy proven bot configurations from other traders.</p></li>
</ol>","<ul class=""font_8"">
  <li><p class=""font_8"">Grid Bot: when the market is ranging and you want to profit from volatility.</p></li>
  <li><p class=""font_8"">DCA Bot: when you want to accumulate an asset over time without trying to time the market.</p></li>
  <li><p class=""font_8"">When you're new to bots and want a simple, guided setup experience.</p></li>
  <li><p class=""font_8"">When you want to copy a working strategy from the marketplace without building one from scratch.</p></li>
</ul>
<p class=""font_8"">DCA is one of the safest long-term strategies for beginners — Grid requires more market awareness.</p>","<ul class=""font_8"">
  <li><p class=""font_8"">Grid risk: losses if price breaks out of the defined range</p></li>
  <li><p class=""font_8"">DCA risk: averaging into a continuously declining asset</p></li>
  <li><p class=""font_8"">Custodial risk: funds held on Bybit</p></li>
  <li><p class=""font_8"">Copied strategies may not perform in different market conditions</p></li>
</ul>","https://www.bybit.com/invite?ref=LY39LM","https://www.youtube.com/watch?v=qAHRSHzBW0E","<p class=""font_8"">Video created by&nbsp;<a href=""https://www.youtube.com/@MoneyZG""><u>MoneyZG</u></a></p>","Bybit Trading Bots Tutorial (TWAP, Martingale, Grids, Chase Limits etc)","3g",2026-02-28T22:15:52Z,,"PUBLISHED"
"3Commas","/trading/3commas","<p class=""font_8"">Multi-exchange bot platform, DCA, grid via API</p>","wix:image://v1/b69407_cef67560e50440af9cb39a7014940880~mv2.png/3commas%20copy%20trading%20cryptodroply.png#originWidth=222&originHeight=222","CEX","caf15871-919b-4199-9274-4829bd8b1ae5",2026-02-28T22:15:52Z,2026-04-28T10:23:57Z,"b6940792-8897-44e1-9353-172086fbb219","Trading Bot","Bot Multi 
Exchange","DCA Bot
Signal Bot
Automated Trading","Non Custodial","Multi","Medium","Variable APY","Altcoin - Stablecoin","🚀Advanced","wix:image://v1/b69407_fa1ab0bc0e9443108c1751a21c7fc3bc~mv2.png/3.png#originWidth=500&originHeight=500","A cloud-based trading bot platform that connects to major exchanges via API, offering DCA, grid, and signal bots with a strategy marketplace, portfolio tracking, and TradingView integration.","wix:image://v1/b69407_f81eaabfed8d4874a1cd6832d04e998a~mv2.png/3commas%20trading%20cryptodroply.png#originWidth=720&originHeight=687","<p class=""font_8"">3Commas is an external platform that connects to your exchange accounts via API — your funds stay on the exchange, but 3Commas controls the trading logic.</p>
<p class=""font_8"">Think of it as hiring an automated trading assistant: you give it read and trade permissions on your Binance or Bybit account, set the strategy, and it executes on your behalf 24/7. You never give it withdrawal access — so your funds can't be moved out.</p>","<ol class=""font_8"">
  <li><p class=""font_8"">Create an account on 3commas.io and connect your exchange via API key (trade-only, no withdrawal access).</p></li>
  <li><p class=""font_8"">Choose a bot type: DCA Bot, Grid Bot, or Signal Bot.</p></li>
  <li><p class=""font_8"">Configure your strategy or copy one from the marketplace.</p></li>
  <li><p class=""font_8"">The bot executes trades on your exchange account automatically.</p></li>
</ol>
<p class=""font_8"">3Commas supports Binance, Bybit, OKX, Kraken, and more. One dashboard for all your bots across multiple exchanges.</p>","<ul class=""font_8"">
  <li><p class=""font_8"">When you want to run bots across multiple exchanges from a single interface.</p></li>
  <li><p class=""font_8"">When your exchange doesn't offer native bots or has limited options.</p></li>
  <li><p class=""font_8"">When you want TradingView signal integration for automated execution.</p></li>
  <li><p class=""font_8"">When you want to copy proven bot strategies from experienced traders.</p></li>
</ul>
<p class=""font_8"">Requires a paid subscription for advanced features — evaluate the cost against your trading volume.</p>","<ul class=""font_8"">
  <li><p class=""font_8"">API key risk: if 3Commas is hacked, your API keys could be exposed (mitigated by no-withdrawal permission)</p></li>
  <li><p class=""font_8"">Platform risk: dependency on a third-party service staying operational</p></li>
  <li><p class=""font_8"">Strategy risk: poorly configured bots still lose money</p></li>
  <li><p class=""font_8"">Subscription cost eats into profits on small accounts</p></li>
</ul>","https://app.3commas.io","https://www.youtube.com/watch?v=vQgZqNcLSpI","<p class=""font_8"">Video created by <u>blockresearch_ai</u></p>","Full 3Commas Tutorial for beginners - Learn Trading Bots!!","8",2026-02-28T22:15:52Z,,"PUBLISHED"
"Binance Grid Bot","/trading/binance-grid-bot","<p class=""font_8"">Automated grid trading bot integrated natively on Binance</p>","wix:image://v1/b69407_f1a5b2e5f2a74d61aff99b640a4460b6~mv2.jpg/binance%20exchange%20coindroply.jpg#originWidth=334&originHeight=334","CEX","f7358598-d1b0-4eda-8a6d-b703c2b657fd",2026-02-28T22:15:52Z,2026-04-28T10:23:57Z,"b6940792-8897-44e1-9353-172086fbb219","Trading Bot","Grid Trading 
copy trading","Grid Bot - Automated Trading - Spot","Custodial","Multi","Medium","Variable APY","Altcoin - Stablecoin","🌱Started","wix:image://v1/b69407_ee96c2779c5944babf594e03ede2362f~mv2.png/4.png#originWidth=500&originHeight=500","A native grid trading bot on Binance that automatically buys low and sells high within a defined price range, available for spot and futures markets with no external API required.","wix:image://v1/b69407_c577da9d0069483e978d7df15e80d2dd~mv2.jpeg/binance%20trading%20bot%20cryptodroply.jpeg#originWidth=300&originHeight=168","<p class=""font_8"">The Binance Grid Bot is an automated tool that buys and sells crypto repeatedly within a price range you set — without you having to watch the screen.</p>
<p class=""font_8"">Think of it like a market stall vendor who automatically buys apples at €1 and sells them at €1.10, over and over, as long as the price stays in that range. Every cycle generates a small profit. No price prediction needed — just a sideways or oscillating market.</p>","<ol class=""font_8"">
  <li><p class=""font_8"">Set a price range (lower and upper limit) and the number of grid levels.</p></li>
  <li><p class=""font_8"">The bot divides the range into equal intervals and places buy and sell orders at each level.</p></li>
  <li><p class=""font_8"">Every time price drops to a buy level, the bot buys. Every time it rises to a sell level, the bot sells.</p></li>
  <li><p class=""font_8"">The spread between each buy and sell is your profit per grid cycle.</p></li>
</ol>
<p class=""font_8"">Available on Spot and Futures. Futures grids allow leverage, which amplifies both gains and losses.</p>","<ul class=""font_8"">
  <li><p class=""font_8"">When the market is moving sideways with no clear trend.</p></li>
  <li><p class=""font_8"">When you want to generate passive income without active trading.</p></li>
  <li><p class=""font_8"">When you already hold assets on Binance and want to put them to work.</p></li>
  <li><p class=""font_8"">When you're comfortable setting a price range and leaving the bot to run.</p></li>
</ul>
<p class=""font_8"">Avoid it in strong trending markets: a grid bot loses money when price breaks out of range and keeps going in one direction.</p>","<ul class=""font_8"">
  <li><p class=""font_8"">Trending market risk: losses when price exits the grid range sharply</p></li>
  <li><p class=""font_8"">Custodial risk: funds remain on Binance</p></li>
  <li><p class=""font_8"">Futures grid risk: leverage amplifies losses significantly</p></li>
  <li><p class=""font_8"">Opportunity cost: capital locked in grid may underperform simple holding in a bull run</p></li>
</ul>",,,,,"2g",2026-02-28T22:15:52Z,,"PUBLISHED"
"OKX Signal Bot","/trading/okx-signal-bot","<p class=""font_8"">bot, trading signals and custom strategies</p>","wix:image://v1/b69407_1aa4b345014e4df8aea2aebbce146e8d~mv2.jpg/okx%20exchange%20coindroply.jpg#originWidth=400&originHeight=400","CEX","fc70f3c6-5fc0-4011-8f5e-4e0fcc983b86",2026-02-28T22:15:52Z,2026-04-28T10:23:57Z,"b6940792-8897-44e1-9353-172086fbb219","Trading Bot","Signal Trading
copy trading","Signal Bot - Grid Bot -DCA Bot -Automated Trading","Custodial","Multi","Medium","Variable APY","Altcoin - Stablecoin","🚀Advanced","wix:image://v1/b69407_ee96c2779c5944babf594e03ede2362f~mv2.png/4.png#originWidth=500&originHeight=500","OKX's native bot suite combines grid, DCA, and signal-based bots with a strategy marketplace, allowing users to automate trades based on technical indicators or copy strategies from top performers.","wix:image://v1/b69407_ebca7954695b47c88cebb9f6e2bdaa15~mv2.png/okx%20copy%20trading%20cryptodroply.png#originWidth=1572&originHeight=1914","<p class=""font_8"">OKX goes beyond basic grid bots: its Signal Bot lets you automate trades triggered by external signals — from TradingView alerts, custom indicators, or third-party signal providers.</p>
<p class=""font_8"">Think of it as setting a trap: you define the conditions (e.g. RSI crosses 30), and the bot pulls the trigger automatically when they're met. No emotions, no hesitation, no missed entries at 3am.</p>","<ol class=""font_8"">
  <li><p class=""font_8"">Choose a bot type: Grid, DCA, or Signal-based.</p></li>
  <li><p class=""font_8"">For Signal Bots: connect a signal source (TradingView webhook, API, or OKX marketplace signals).</p></li>
  <li><p class=""font_8"">Define entry/exit conditions, position size, and risk parameters.</p></li>
  <li><p class=""font_8"">The bot executes trades automatically when signals are triggered.</p></li>
</ol>
<p class=""font_8"">OKX also has a strategy marketplace where you can browse and copy configurations from verified top traders.</p>","<ul class=""font_8"">
  <li><p class=""font_8"">When you use TradingView and want to automate your technical analysis signals.</p></li>
  <li><p class=""font_8"">When you have a defined strategy and want to remove emotional execution from the equation.</p></li>
  <li><p class=""font_8"">When you want to run multiple automated strategies simultaneously across different pairs.</p></li>
</ul>
<p class=""font_8"">Not ideal for complete beginners: Signal Bots require understanding of indicators and strategy logic before deploying real capital.</p>","<ul class=""font_8"">
  <li><p class=""font_8"">Signal quality risk: bad signals lead to automated bad trades</p></li>
  <li><p class=""font_8"">Over-optimization: strategies that worked historically may fail in new market conditions</p></li>
  <li><p class=""font_8"">Custodial risk: funds held on OKX</p></li>
  <li><p class=""font_8"">Complexity risk: misconfigured bots can execute unintended trades</p></li>
</ul>",,"https://www.youtube.com/watch?v=u6M0VzrIl_k","<p class=""font_8"">Video created by <a href=""https://www.youtube.com/@LearntoMakeHonestMoneyOnline""><strong><br>
</strong><u>Learn to Make Honest Money Online</u></a></p>","How to Use the Best OKX Crypto Trading Bot (Easy Trading Bot Tutorial)","4",2026-02-28T22:15:52Z,,"PUBLISHED"
